brand,name_ja,model,category_label,id,managed_file,original_processed_file,source_image_url
Caravan,C1_02S,C1_02S,ウェア（Clothing）,71dd593e-f4a5-400d-a859-db589a6a7af6,tmp/gear-images/processed/catalog-first-page-visible/by-brand/Caravan/C1_02S - 71dd593e.png,tmp/gear-images/processed/catalog-first-page-visible/71dd593e-f4a5-400d-a859-db589a6a7af6.png,https://caravan.itembox.cloud/product/000/000000000007/000000000007-01.jpg?size=l&w=ODAw&t=20250822184241
Caravan,C4_03,C4_03,ウェア（Clothing）,e9c40673-76bb-4c0f-b11f-17880158fc7b,tmp/gear-images/processed/catalog-first-page-visible/by-brand/Caravan/C4_03 - e9c40673.png,tmp/gear-images/processed/catalog-first-page-visible/e9c40673-76bb-4c0f-b11f-17880158fc7b.png,https://caravan.itembox.cloud/product/000/000000000008/000000000008-01.jpg?size=l&w=ODAw&t=20250822183255
Columbia,キャッスルロック25LバックパックII,Castle Rock 25L Backpack II,バックパック（Backpack）,c7382ce1-291a-4657-ade2-0b403ab6fe26,tmp/gear-images/processed/catalog-first-page-visible/by-brand/Columbia/キャッスルロック25LバックパックII - Castle Rock 25L Backpack II - c7382ce1.png,tmp/gear-images/processed/catalog-first-page-visible/c7382ce1-291a-4657-ade2-0b403ab6fe26.png,https://www.columbiasports.co.jp/img/goods/S/S26_PU8662_536_C.jpg
finetrack,カミナドーム1,カミナドーム1,テント・シェルター（Tent / Shelter）,32adc51e-9fbe-4a77-8869-2266f40e5692,tmp/gear-images/processed/catalog-first-page-visible/by-brand/finetrack/カミナドーム1 - 32adc51e.png,tmp/gear-images/processed/catalog-first-page-visible/32adc51e-9fbe-4a77-8869-2266f40e5692.png,https://www.finetrack.com/assets/img/products/kamina-dome/im-sec1-02.jpg?v2
finetrack,カミナドーム2,カミナドーム2,テント・シェルター（Tent / Shelter）,2e1ddc3a-da38-4e7c-8945-3a636f0e328a,tmp/gear-images/processed/catalog-first-page-visible/by-brand/finetrack/カミナドーム2 - 2e1ddc3a.png,tmp/gear-images/processed/catalog-first-page-visible/2e1ddc3a-da38-4e7c-8945-3a636f0e328a.png,https://www.finetrack.com/assets/img/products/kamina-dome/im-sec1-03.jpg?v2
finetrack,カミナドーム4,カミナドーム4,テント・シェルター（Tent / Shelter）,48b8f3a1-b189-4e0c-8302-04e667cf9010,tmp/gear-images/processed/catalog-first-page-visible/by-brand/finetrack/カミナドーム4 - 48b8f3a1.png,tmp/gear-images/processed/catalog-first-page-visible/48b8f3a1-b189-4e0c-8302-04e667cf9010.png,https://www.finetrack.com/assets/img/products/kamina-dome/im-sec1-20.png
finetrack,カミナモノポール1,カミナモノポール1,テント・シェルター（Tent / Shelter）,19837f12-fc7a-4f4d-abc5-72d961c8a36d,tmp/gear-images/processed/catalog-first-page-visible/by-brand/finetrack/カミナモノポール1 - 19837f12.png,tmp/gear-images/processed/catalog-first-page-visible/19837f12-fc7a-4f4d-abc5-72d961c8a36d.png,https://www.finetrack.com/assets/img/products/kamina-monopole/im-sec2-08.png
finetrack,カミナモノポール2,カミナモノポール2,テント・シェルター（Tent / Shelter）,bce09673-644a-4b49-baf0-ef6b5e962642,tmp/gear-images/processed/catalog-first-page-visible/by-brand/finetrack/カミナモノポール2 - bce09673.png,tmp/gear-images/processed/catalog-first-page-visible/bce09673-644a-4b49-baf0-ef6b5e962642.png,https://www.finetrack.com/assets/img/products/kamina-monopole/im-sec2-09.png?v2
Garmin,eTrex SE,eTrex SE,電子機器（Electronics）,7920db57-54b5-47f7-ab93-d1d2c5e26350,tmp/gear-images/processed/catalog-first-page-visible/by-brand/Garmin/eTrex SE - 7920db57.png,tmp/gear-images/processed/catalog-first-page-visible/7920db57-54b5-47f7-ab93-d1d2c5e26350.png,https://res.garmin.com/en/products/010-02734-00/v/cf-lg.jpg
GREGORY,ズール 30,Zulu 30,バックパック（Backpack）,671b003d-6cdf-4c4c-9975-512953b77270,tmp/gear-images/processed/catalog-first-page-visible/by-brand/GREGORY/ズール 30 - Zulu 30 - 671b003d.png,tmp/gear-images/processed/catalog-first-page-visible/671b003d-6cdf-4c4c-9975-512953b77270.png,https://www.gregory.jp/dw/image/v2/AAWQ_PRD/on/demandware.static/-/Sites-Gregory/default/dwbb4595ed/images/gr-145291/hi-res/145291_0527_hi-res_FRONT34_1.JPG?sw=545&sh=750
Mammut,リチウム 20,Lithium 20,バックパック（Backpack）,b1dfb9a4-8726-4598-8f8b-f9b254003ff5,tmp/gear-images/processed/catalog-first-page-visible/by-brand/Mammut/リチウム 20 - Lithium 20 - b1dfb9a4.png,tmp/gear-images/processed/catalog-first-page-visible/b1dfb9a4-8726-4598-8f8b-f9b254003ff5.png,https://mammt.store-image.jp/img01/201/2530-00720/w_750.h_750/trim_fce_item61baeee8c2cf1.jpg
Mammut,リチウム 25,Lithium 25,バックパック（Backpack）,5656a1c3-9d4f-41f7-9f71-13f0e62b5683,tmp/gear-images/processed/catalog-first-page-visible/by-brand/Mammut/リチウム 25 - Lithium 25 - 5656a1c3.png,tmp/gear-images/processed/catalog-first-page-visible/5656a1c3-9d4f-41f7-9f71-13f0e62b5683.png,https://mammt.store-image.jp/img01/201/2530-00730/w_750.h_750/trim_fce_item67c93ac0b0e83.jpg
Mammut,リチウム 30,Lithium 30,バックパック（Backpack）,421e72e8-2d2d-418d-bcf4-c22cc9f1bf48,tmp/gear-images/processed/catalog-first-page-visible/by-brand/Mammut/リチウム 30 - Lithium 30 - 421e72e8.png,tmp/gear-images/processed/catalog-first-page-visible/421e72e8-2d2d-418d-bcf4-c22cc9f1bf48.png,https://mammt.store-image.jp/img01/201/2530-00740/w_750.h_750/trim_fce_item67c93b0d54ab1.jpg
MILLET,クーラ 30,KULA 30,バックパック（Backpack）,67ca7d30-5e06-4f12-ad78-540f8616e00b,tmp/gear-images/processed/catalog-first-page-visible/by-brand/MILLET/クーラ 30 - KULA 30 - 67ca7d30.png,tmp/gear-images/processed/catalog-first-page-visible/67ca7d30-5e06-4f12-ad78-540f8616e00b.png,https://milletonline.itembox.cloud/product/004/000000000473/000000000473-01.jpg
MILLET,サースフェー NX 30+5,SAAS FEE NX 30+5,バックパック（Backpack）,d467d631-38cb-4b8f-8bee-a86c9e40bcfa,tmp/gear-images/processed/catalog-first-page-visible/by-brand/MILLET/サースフェー NX 30+5 - SAAS FEE NX 30+5 - d467d631.png,tmp/gear-images/processed/catalog-first-page-visible/d467d631-38cb-4b8f-8bee-a86c9e40bcfa.png,https://milletonline.itembox.cloud/product/025/000000002570/000000002570-01.jpg
MILLET,サースフェー NX 40+5,SAAS FEE NX 40+5,バックパック（Backpack）,79c163a6-d0fa-4016-af42-07d5d56dd254,tmp/gear-images/processed/catalog-first-page-visible/by-brand/MILLET/サースフェー NX 40+5 - SAAS FEE NX 40+5 - 79c163a6.png,tmp/gear-images/processed/catalog-first-page-visible/79c163a6-d0fa-4016-af42-07d5d56dd254.png,https://milletonline.itembox.cloud/product/025/000000002568/000000002568-16.jpg
mont-bell,L.W.インナーグローブ Men's,L.W.インナーグローブ Men's,その他（Other）,640eed16-030e-46eb-950a-b9ef91b63b11,tmp/gear-images/processed/catalog-first-page-visible/by-brand/mont-bell/L.W.インナーグローブ Men's - 640eed16.png,tmp/gear-images/processed/catalog-first-page-visible/640eed16-030e-46eb-950a-b9ef91b63b11.png,https://webshop.montbell.jp/common/images/product/prod_s/s_1118994_bk.jpg
mont-bell,L.W.チェーンスパイク,L.W.チェーンスパイク,その他（Other）,d4ce6133-3fef-438e-b28e-4e8708ca8f20,tmp/gear-images/processed/catalog-first-page-visible/by-brand/mont-bell/L.W.チェーンスパイク - d4ce6133.png,tmp/gear-images/processed/catalog-first-page-visible/d4ce6133-3fef-438e-b28e-4e8708ca8f20.png,https://webshop.montbell.jp/common/images/product/prod_s/s_1129685_lgy.jpg
mont-bell,アルパイン カーボンポール,アルパイン カーボンポール,その他（Other）,5f095fd2-14d0-4d86-b13f-f35bc204d6d6,tmp/gear-images/processed/catalog-first-page-visible/by-brand/mont-bell/アルパイン カーボンポール - 5f095fd2.png,tmp/gear-images/processed/catalog-first-page-visible/5f095fd2-14d0-4d86-b13f-f35bc204d6d6.png,https://webshop.montbell.jp/common/images/product/prod_s/s_1140189_carb.jpg
mont-bell,サンダーパス ジャケット Men's,サンダーパス ジャケット Men's,レインウェア（Rainwear）,80ce0129-c378-43a5-abeb-8cb02a77e0d2,tmp/gear-images/processed/catalog-first-page-visible/by-brand/mont-bell/サンダーパス ジャケット Men's - 80ce0129.png,tmp/gear-images/processed/catalog-first-page-visible/80ce0129-c378-43a5-abeb-8cb02a77e0d2.png,https://webshop.montbell.jp/common/images/product/prod_s/s_1128770_gn.jpg
mont-bell,サンダーパス ジャケット Women's,サンダーパス ジャケット Women's,レインウェア（Rainwear）,53b0a75a-e1ab-4bd2-b919-6890689bbbb7,tmp/gear-images/processed/catalog-first-page-visible/by-brand/mont-bell/サンダーパス ジャケット Women's - 53b0a75a.png,tmp/gear-images/processed/catalog-first-page-visible/53b0a75a-e1ab-4bd2-b919-6890689bbbb7.png,https://webshop.montbell.jp/common/images/product/prod_s/s_1128771_iv.jpg
mont-bell,サンダーパス パンツ Men's,サンダーパス パンツ Men's,レインウェア（Rainwear）,f68a999f-21d4-4091-9dc1-ad33b32019b4,tmp/gear-images/processed/catalog-first-page-visible/by-brand/mont-bell/サンダーパス パンツ Men's - f68a999f.png,tmp/gear-images/processed/catalog-first-page-visible/f68a999f-21d4-4091-9dc1-ad33b32019b4.png,https://webshop.montbell.jp/common/images/product/prod_s/s_1128637_bnsd.jpg
mont-bell,ストームクルーザー ジャケット Men's,ストームクルーザー ジャケット Men's,レインウェア（Rainwear）,9fafe576-5c27-47d2-bd85-f1c85add260f,tmp/gear-images/processed/catalog-first-page-visible/by-brand/mont-bell/ストームクルーザー ジャケット Men's - 9fafe576.png,tmp/gear-images/processed/catalog-first-page-visible/9fafe576-5c27-47d2-bd85-f1c85add260f.png,https://webshop.montbell.jp/common/images/product/prod_s/s_1128733_bl26.jpg
mont-bell,ストームクルーザー ジャケット Women's,ストームクルーザー ジャケット Women's,レインウェア（Rainwear）,f443c9f3-dea8-4fb0-ab75-0f865d11e5e2,tmp/gear-images/processed/catalog-first-page-visible/by-brand/mont-bell/ストームクルーザー ジャケット Women's - f443c9f3.png,tmp/gear-images/processed/catalog-first-page-visible/f443c9f3-dea8-4fb0-ab75-0f865d11e5e2.png,https://webshop.montbell.jp/common/images/product/prod_s/s_1128735_pk.jpg
mont-bell,ストームクルーザー パンツ Men's,ストームクルーザー パンツ Men's,レインウェア（Rainwear）,435673ae-ac0e-4fe0-9f67-32b5671c8be7,tmp/gear-images/processed/catalog-first-page-visible/by-brand/mont-bell/ストームクルーザー パンツ Men's - 435673ae.png,tmp/gear-images/processed/catalog-first-page-visible/435673ae-ac0e-4fe0-9f67-32b5671c8be7.png,https://webshop.montbell.jp/common/images/product/prod_s/s_1128562_ogrd.jpg
mont-bell,ストームクルーザー パンツ Women's,ストームクルーザー パンツ Women's,レインウェア（Rainwear）,d798689b-450c-4bbb-8340-f218e580a8df,tmp/gear-images/processed/catalog-first-page-visible/by-brand/mont-bell/ストームクルーザー パンツ Women's - d798689b.png,tmp/gear-images/processed/catalog-first-page-visible/d798689b-450c-4bbb-8340-f218e580a8df.png,https://webshop.montbell.jp/common/images/product/prod_s/s_1128536_gm.jpg
mont-bell,バーサライト ジャケット Men's,バーサライト ジャケット Men's,レインウェア（Rainwear）,b9503f94-6fd7-48e0-b86b-b7b7b22978cb,tmp/gear-images/processed/catalog-first-page-visible/by-brand/mont-bell/バーサライト ジャケット Men's - b9503f94.png,tmp/gear-images/processed/catalog-first-page-visible/b9503f94-6fd7-48e0-b86b-b7b7b22978cb.png,https://webshop.montbell.jp/common/images/product/prod_s/s_1128743_bl.jpg
mont-bell,バーサライト ジャケット Women's,バーサライト ジャケット Women's,レインウェア（Rainwear）,ed14cea0-5df6-4f2a-a632-5835899e5355,tmp/gear-images/processed/catalog-first-page-visible/by-brand/mont-bell/バーサライト ジャケット Women's - ed14cea0.png,tmp/gear-images/processed/catalog-first-page-visible/ed14cea0-5df6-4f2a-a632-5835899e5355.png,https://webshop.montbell.jp/common/images/product/prod_s/s_1128744_lgn.jpg
mont-bell,EXパワーヘッドランプ,EXパワーヘッドランプ,電子機器（Electronics）,c887dd96-c94f-465e-8367-92eeda7bd0b1,tmp/gear-images/processed/catalog-first-page-visible/by-brand/mont-bell/EXパワーヘッドランプ - c887dd96.png,tmp/gear-images/processed/catalog-first-page-visible/c887dd96-c94f-465e-8367-92eeda7bd0b1.png,https://webshop.montbell.jp/common/images/product/prod_s/s_1124777_wt.jpg
NEMO,Dragonfly OSMO™ 1P,Dragonfly OSMO 1P,テント・シェルター（Tent / Shelter）,76a73e13-d550-40d5-a325-3db3d08d41de,tmp/gear-images/processed/catalog-first-page-visible/by-brand/NEMO/Dragonfly OSMOTM 1P - Dragonfly OSMO 1P - 76a73e13.png,tmp/gear-images/processed/catalog-first-page-visible/76a73e13-d550-40d5-a325-3db3d08d41de.png,https://cdn.shopify.com/s/files/1/0895/7431/0174/files/dragonfly_osmo_1P_fog_main.jpg?v=1770126685
NEMO,Dragonfly OSMO™ 2P,Dragonfly OSMO 2P,テント・シェルター（Tent / Shelter）,f527b827-fe3f-443c-918d-42a4928a4d93,tmp/gear-images/processed/catalog-first-page-visible/by-brand/NEMO/Dragonfly OSMOTM 2P - Dragonfly OSMO 2P - f527b827.png,tmp/gear-images/processed/catalog-first-page-visible/f527b827-fe3f-443c-918d-42a4928a4d93.png,https://cdn.shopify.com/s/files/1/0895/7431/0174/files/dragonfly_osmo_2P_fog_main.jpg?v=1770127953
NEMO,Dragonfly OSMO™ 3P,Dragonfly OSMO 3P,テント・シェルター（Tent / Shelter）,3ec06530-57cb-42ab-b2ab-cd7b902eca8b,tmp/gear-images/processed/catalog-first-page-visible/by-brand/NEMO/Dragonfly OSMOTM 3P - Dragonfly OSMO 3P - 3ec06530.png,tmp/gear-images/processed/catalog-first-page-visible/3ec06530-57cb-42ab-b2ab-cd7b902eca8b.png,https://cdn.shopify.com/s/files/1/0895/7431/0174/files/dragonfly_osmo_3P_fog_sub1.jpg?v=1770128354
NEMO,Hornet™ OSMO™ 1P,Hornet OSMO 1P,テント・シェルター（Tent / Shelter）,6b2ff5cb-608f-47e4-b402-6740c577efa5,tmp/gear-images/processed/catalog-first-page-visible/by-brand/NEMO/HornetTM OSMOTM 1P - Hornet OSMO 1P - 6b2ff5cb.png,tmp/gear-images/processed/catalog-first-page-visible/6b2ff5cb-608f-47e4-b402-6740c577efa5.png,https://cdn.shopify.com/s/files/1/0895/7431/0174/files/1P_0001__1.jpg?v=1736506349
NEMO,Tani™ OSMO™ 1P,Tani OSMO 1P,テント・シェルター（Tent / Shelter）,e17a4827-f12e-44ba-8278-bd1e425bc672,tmp/gear-images/processed/catalog-first-page-visible/by-brand/NEMO/TaniTM OSMOTM 1P - Tani OSMO 1P - e17a4827.png,tmp/gear-images/processed/catalog-first-page-visible/e17a4827-f12e-44ba-8278-bd1e425bc672.png,https://cdn.shopify.com/s/files/1/0895/7431/0174/files/1P.jpg?v=1734668840
NEMO,Fillo™,Fillo,寝具（Sleep System）,9514f16a-658b-4f9b-97de-9ca230a9501b,tmp/gear-images/processed/catalog-first-page-visible/by-brand/NEMO/FilloTM - Fillo - 9514f16a.png,tmp/gear-images/processed/catalog-first-page-visible/9514f16a-658b-4f9b-97de-9ca230a9501b.png,https://cdn.shopify.com/s/files/1/0895/7431/0174/files/fillo_blue_horizon_main.jpg?v=1776923005
NEMO,Fillo™ Elite,Fillo Elite,寝具（Sleep System）,213b0565-8926-4ace-9d94-6826c50c1754,tmp/gear-images/processed/catalog-first-page-visible/by-brand/NEMO/FilloTM Elite - Fillo Elite - 213b0565.png,tmp/gear-images/processed/catalog-first-page-visible/213b0565-8926-4ace-9d94-6826c50c1754.png,https://cdn.shopify.com/s/files/1/0895/7431/0174/files/BlackPearlCitron1.jpg?v=1775526348
NEMO,Fillo™ Elite Wide,Fillo Elite Wide,寝具（Sleep System）,95d65bdc-442b-4c1f-8937-15ad450605da,tmp/gear-images/processed/catalog-first-page-visible/by-brand/NEMO/FilloTM Elite Wide - Fillo Elite Wide - 95d65bdc.png,tmp/gear-images/processed/catalog-first-page-visible/95d65bdc-442b-4c1f-8937-15ad450605da.png,https://cdn.shopify.com/s/files/1/0895/7431/0174/files/fillo_elite_wide_black_pearl_main.jpg?v=1770130951
Petzl,ACTIK,ACTIK,電子機器（Electronics）,8a686a94-deed-492a-8e8c-e666fa0669d9,tmp/gear-images/processed/catalog-first-page-visible/by-brand/Petzl/ACTIK - 8a686a94.png,tmp/gear-images/processed/catalog-first-page-visible/8a686a94-deed-492a-8e8c-e666fa0669d9.png,https://www.petzl.com/sfc/servlet.shepherd/version/download/068Tx000006KdoHIAS
Petzl,ACTIK CORE,ACTIK CORE,電子機器（Electronics）,26784443-9cdb-495a-90e6-4b60a892ca59,tmp/gear-images/processed/catalog-first-page-visible/by-brand/Petzl/ACTIK CORE - 26784443.png,tmp/gear-images/processed/catalog-first-page-visible/26784443-9cdb-495a-90e6-4b60a892ca59.png,https://www.petzl.com/sfc/servlet.shepherd/version/download/068Tx000006KwpEIAS
Petzl,IKO CORE,IKO CORE,電子機器（Electronics）,b91e74c9-0290-4807-a621-2b39dad8dad9,tmp/gear-images/processed/catalog-first-page-visible/by-brand/Petzl/IKO CORE - b91e74c9.png,tmp/gear-images/processed/catalog-first-page-visible/b91e74c9-0290-4807-a621-2b39dad8dad9.png,https://www.petzl.com/sfc/servlet.shepherd/version/download/068bK00000g2zqTQAQ
Petzl,SWIFT RL,SWIFT RL,電子機器（Electronics）,73172134-dca1-48fb-9811-e51e59221b9f,tmp/gear-images/processed/catalog-first-page-visible/by-brand/Petzl/SWIFT RL - 73172134.png,tmp/gear-images/processed/catalog-first-page-visible/73172134-dca1-48fb-9811-e51e59221b9f.png,https://www.petzl.com/sfc/servlet.shepherd/version/download/068Tx00000DjjT2IAJ
SOTO,アミカス SOD-320,SOD-320,クッキング（Cooking）,eaf7f11b-ca65-4c4e-a009-16bfe896263a,tmp/gear-images/processed/catalog-first-page-visible/by-brand/SOTO/アミカス SOD-320 - SOD-320 - eaf7f11b.png,tmp/gear-images/processed/catalog-first-page-visible/eaf7f11b-ca65-4c4e-a009-16bfe896263a.png,https://soto.shinfuji.co.jp/wp-content/uploads/products/SOD-320_04-1-550x845.jpg
SOTO,ウインドマスター専用4本ゴトク フォーフレックス,SOD-460,クッキング（Cooking）,c1c994ba-fe91-4c5f-956e-73868a51a05b,tmp/gear-images/processed/catalog-first-page-visible/by-brand/SOTO/ウインドマスター専用4本ゴトク フォーフレックス - SOD-460 - c1c994ba.png,tmp/gear-images/processed/catalog-first-page-visible/c1c994ba-fe91-4c5f-956e-73868a51a05b.png,https://soto.shinfuji.co.jp/wp-content/uploads/products/SOD-460_01-1.jpg
SOTO,サーモスタック,SOD-520,クッキング（Cooking）,35a903f9-785e-435f-aa76-934bfa9f1d93,tmp/gear-images/processed/catalog-first-page-visible/by-brand/SOTO/サーモスタック - SOD-520 - 35a903f9.png,tmp/gear-images/processed/catalog-first-page-visible/35a903f9-785e-435f-aa76-934bfa9f1d93.png,https://soto.shinfuji.co.jp/wp-content/uploads/products/S0D-520_01.jpg
SOTO,サーモスタッククッカーコンボ,SOD-521,クッキング（Cooking）,0e6a56df-6bab-48ed-bc16-d1f415843062,tmp/gear-images/processed/catalog-first-page-visible/by-brand/SOTO/サーモスタッククッカーコンボ - SOD-521 - 0e6a56df.png,tmp/gear-images/processed/catalog-first-page-visible/0e6a56df-6bab-48ed-bc16-d1f415843062.png,https://soto.shinfuji.co.jp/wp-content/uploads/products/SOD-521_01-2.jpg
SOTO,サーモライト,SOD-522,クッキング（Cooking）,e505785b-9546-4a0d-a1bf-97d5b91cd985,tmp/gear-images/processed/catalog-first-page-visible/by-brand/SOTO/サーモライト - SOD-522 - e505785b.png,tmp/gear-images/processed/catalog-first-page-visible/e505785b-9546-4a0d-a1bf-97d5b91cd985.png,https://soto.shinfuji.co.jp/wp-content/uploads/products/SOD-522_01-2.jpg
SOTO,スチームライスクッカー ITADAKI(イタダキ),SOD-523,クッキング（Cooking）,78ca16da-5e8b-426c-8619-543643713b3b,tmp/gear-images/processed/catalog-first-page-visible/by-brand/SOTO/スチームライスクッカー ITADAKI(イタダキ) - SOD-523 - 78ca16da.png,tmp/gear-images/processed/catalog-first-page-visible/78ca16da-5e8b-426c-8619-543643713b3b.png,https://soto.shinfuji.co.jp/wp-content/uploads/products/SOD-320_01-2.jpg
SOTO,チタンマグ450,SOD-532,クッキング（Cooking）,1f7ebae0-64c8-490e-898d-edda4d15922b,tmp/gear-images/processed/catalog-first-page-visible/by-brand/SOTO/チタンマグ450 - SOD-532 - 1f7ebae0.png,tmp/gear-images/processed/catalog-first-page-visible/1f7ebae0-64c8-490e-898d-edda4d15922b.png,https://soto.shinfuji.co.jp/wp-content/uploads/products/SOD-532_01.jpg
SOTO,チタンマグ600,SOD-533,クッキング（Cooking）,1cb0a832-4c9c-477e-9e5d-4b79fc10b9bd,tmp/gear-images/processed/catalog-first-page-visible/by-brand/SOTO/チタンマグ600 - SOD-533 - 1cb0a832.png,tmp/gear-images/processed/catalog-first-page-visible/1cb0a832-4c9c-477e-9e5d-4b79fc10b9bd.png,https://soto.shinfuji.co.jp/wp-content/uploads/products/SOD-533_04.jpg
SOTO,パワーガス105トリプルミックス,SOD-710T,クッキング（Cooking）,ee82dfbd-7122-4bed-9403-0dcc51748280,tmp/gear-images/processed/catalog-first-page-visible/by-brand/SOTO/パワーガス105トリプルミックス - SOD-710T - ee82dfbd.png,tmp/gear-images/processed/catalog-first-page-visible/ee82dfbd-7122-4bed-9403-0dcc51748280.png,https://soto.shinfuji.co.jp/wp-content/uploads/products/SOD-710T_01-1.jpg
SOTO,パワーガス250トリプルミックス,SOD-725T,クッキング（Cooking）,e1686322-bed9-4f87-8934-b8013c036453,tmp/gear-images/processed/catalog-first-page-visible/by-brand/SOTO/パワーガス250トリプルミックス - SOD-725T - e1686322.png,tmp/gear-images/processed/catalog-first-page-visible/e1686322-bed9-4f87-8934-b8013c036453.png,https://soto.shinfuji.co.jp/wp-content/uploads/products/SOD-725T_01-1.jpg
SOTO,マイクロレギュレーターストーブ FUSION Trek SOD-331,SOD-331,クッキング（Cooking）,0e5648f7-14f7-4dc0-b993-f37ed6ad0b3a,tmp/gear-images/processed/catalog-first-page-visible/by-brand/SOTO/マイクロレギュレーターストーブ FUSION Trek SOD-331 - SOD-331 - 0e5648f7.png,tmp/gear-images/processed/catalog-first-page-visible/0e5648f7-14f7-4dc0-b993-f37ed6ad0b3a.png,https://soto.shinfuji.co.jp/wp-content/uploads/products/SOD-331_01-1-550x354.jpg
SOTO,マイクロレギュレーターストーブ ウインドマスター SOD-310,SOD-310,クッキング（Cooking）,3755f48c-66c1-49d6-b6eb-f49d5172e9f7,tmp/gear-images/processed/catalog-first-page-visible/by-brand/SOTO/マイクロレギュレーターストーブ ウインドマスター SOD-310 - SOD-310 - 3755f48c.png,tmp/gear-images/processed/catalog-first-page-visible/3755f48c-66c1-49d6-b6eb-f49d5172e9f7.png,https://soto.shinfuji.co.jp/wp-content/uploads/products/SOD-310_01-1-550x826.jpg
THE NORTH FACE,クライムライトジャケット（メンズ）,クライムライトジャケット（メンズ）,レインウェア（Rainwear）,a507f563-20a2-4054-bdb7-3169a6bff066,tmp/gear-images/processed/catalog-first-page-visible/by-brand/THE NORTH FACE/クライムライトジャケット(メンズ) - a507f563.png,tmp/gear-images/processed/catalog-first-page-visible/a507f563-20a2-4054-bdb7-3169a6bff066.png,https://itemimg.goldwin.co.jp/itemimg/GDW01/A0GDW0001HUT/02_AJ71-432.jpg
THE NORTH FACE,ストライクトレイルジャケット（メンズ）,ストライクトレイルジャケット（メンズ）,レインウェア（Rainwear）,1360c2cf-7dca-449f-b747-f71388d8c14f,tmp/gear-images/processed/catalog-first-page-visible/by-brand/THE NORTH FACE/ストライクトレイルジャケット(メンズ) - 1360c2cf.png,tmp/gear-images/processed/catalog-first-page-visible/1360c2cf-7dca-449f-b747-f71388d8c14f.png,https://itemimg.goldwin.co.jp/itemimg/GDW01/A0GDW0001KZQ/02_BC21-432.jpg
THE NORTH FACE,ストライクトレイルジャケット（レディース）,ストライクトレイルジャケット（レディース）,レインウェア（Rainwear）,ed4d1461-8ecc-4b95-9ca3-34896ded4dfc,tmp/gear-images/processed/catalog-first-page-visible/by-brand/THE NORTH FACE/ストライクトレイルジャケット(レディース) - ed4d1461.png,tmp/gear-images/processed/catalog-first-page-visible/ed4d1461-8ecc-4b95-9ca3-34896ded4dfc.png,https://itemimg.goldwin.co.jp/itemimg/GDW01/A0GDW0001L0T/02_BC21-432.jpg
Therm-a-Rest,NeoAir XLite NXT MAX レギュラーワイド,NeoAir XLite NXT MAX Regular Wide,寝具（Sleep System）,bb67aec0-f9c2-4a30-9e84-237e03332717,tmp/gear-images/processed/catalog-first-page-visible/by-brand/Therm-a-Rest/NeoAir XLite NXT MAX レギュラーワイド - NeoAir XLite NXT MAX Regular Wide - bb67aec0.png,tmp/gear-images/processed/catalog-first-page-visible/bb67aec0-f9c2-4a30-9e84-237e03332717.png,https://cdn.shopify.com/s/files/1/0574/0642/3174/files/11631_thermarest_neoair_xlite_nxt_max_solarflare_regular_wide_angle.jpg?v=1724820254
Therm-a-Rest,NeoAir XLite NXT レギュラー,NeoAir XLite NXT Regular,寝具（Sleep System）,06258fba-df94-48fe-9c47-dab2b378d1cd,tmp/gear-images/processed/catalog-first-page-visible/by-brand/Therm-a-Rest/NeoAir XLite NXT レギュラー - NeoAir XLite NXT Regular - 06258fba.png,tmp/gear-images/processed/catalog-first-page-visible/06258fba-df94-48fe-9c47-dab2b378d1cd.png,https://cdn.shopify.com/s/files/1/0574/0642/3174/files/11627_thermarest_neoair_xlite_nxt_solarflare_regular_angle.jpg?v=1724820257
Therm-a-Rest,NeoAir XTherm NXT MAX レギュラーワイド,NeoAir XTherm NXT MAX Regular Wide,寝具（Sleep System）,04b7c025-b597-4d8c-8834-257084f778ea,tmp/gear-images/processed/catalog-first-page-visible/by-brand/Therm-a-Rest/NeoAir XTherm NXT MAX レギュラーワイド - NeoAir XTherm NXT MAX Regular Wide - 04b7c025.png,tmp/gear-images/processed/catalog-first-page-visible/04b7c025-b597-4d8c-8834-257084f778ea.png,https://cdn.shopify.com/s/files/1/0574/0642/3174/files/11636_thermarest_neoair_xtherm_nxt_max_neptune_regular_wide_angle.jpg?v=1724820256
Therm-a-Rest,NeoAir XTherm NXT レギュラー,NeoAir XTherm NXT Regular,寝具（Sleep System）,70408436-1a10-4260-b839-b9e192ac71c8,tmp/gear-images/processed/catalog-first-page-visible/by-brand/Therm-a-Rest/NeoAir XTherm NXT レギュラー - NeoAir XTherm NXT Regular - 70408436.png,tmp/gear-images/processed/catalog-first-page-visible/70408436-1a10-4260-b839-b9e192ac71c8.png,https://cdn.shopify.com/s/files/1/0574/0642/3174/files/11633_thermarest_neoair_xtherm_nxt_neptune_regular_angle_award.jpg?v=1724820257
Therm-a-Rest,Original Z Lite,Original Z Lite,寝具（Sleep System）,a875c87d-88b1-4f3c-a693-aee4ebf0a2f2,tmp/gear-images/processed/catalog-first-page-visible/by-brand/Therm-a-Rest/Original Z Lite - a875c87d.png,tmp/gear-images/processed/catalog-first-page-visible/a875c87d-88b1-4f3c-a693-aee4ebf0a2f2.png,https://cdn.shopify.com/s/files/1/0574/0642/3174/files/02302_tr_zlite_coyotegray_regular_angle.jpg?v=1724820255
Therm-a-Rest,ProLite Apex レギュラー,ProLite Apex Regular,寝具（Sleep System）,59273438-5547-4588-8681-0db8468f528a,tmp/gear-images/processed/catalog-first-page-visible/by-brand/Therm-a-Rest/ProLite Apex レギュラー - ProLite Apex Regular - 59273438.png,tmp/gear-images/processed/catalog-first-page-visible/59273438-5547-4588-8681-0db8468f528a.png,https://cdn.shopify.com/s/files/1/0574/0642/3174/files/13256_thermarest_prolite_apex_heatwave_regular_angle.jpg?v=1724820263
Therm-a-Rest,ProLite Plus レギュラー,ProLite Plus Regular,寝具（Sleep System）,3cfa4e4f-b7cb-488d-ad57-88e778a880bc,tmp/gear-images/processed/catalog-first-page-visible/by-brand/Therm-a-Rest/ProLite Plus レギュラー - ProLite Plus Regular - 3cfa4e4f.png,tmp/gear-images/processed/catalog-first-page-visible/3cfa4e4f-b7cb-488d-ad57-88e778a880bc.png,https://cdn.shopify.com/s/files/1/0574/0642/3174/files/13260_thermarest_prolite_plus_cayenne_regular_angle.jpg?v=1724820264
Therm-a-Rest,RidgeRest Classic レギュラー,RidgeRest Classic Regular,寝具（Sleep System）,4a312956-857a-4aca-9046-d8e8a083aab7,tmp/gear-images/processed/catalog-first-page-visible/by-brand/Therm-a-Rest/RidgeRest Classic レギュラー - RidgeRest Classic Regular - 4a312956.png,tmp/gear-images/processed/catalog-first-page-visible/4a312956-857a-4aca-9046-d8e8a083aab7.png,https://cdn.shopify.com/s/files/1/0574/0642/3174/files/06432_tr_ridgerest_classic_charcoal_regular_angle.jpg?v=1724820274
山と道,Stuff Pack,Stuff Pack,その他（Other）,4638a66f-389c-4783-ab0e-d9af3de782e9,tmp/gear-images/processed/catalog-first-page-visible/by-brand/山と道/Stuff Pack - 4638a66f.png,tmp/gear-images/processed/catalog-first-page-visible/4638a66f-389c-4783-ab0e-d9af3de782e9.png,https://cdns3.yamatomichi.com/wp-content/uploads/2024/08/202410_eyecatch_Stuff-Pack.jpg
山と道,Yamatomichi Sacoche,Yamatomichi Sacoche,その他（Other）,84a27cf9-b4ef-4758-ac9a-27a5456aca67,tmp/gear-images/processed/catalog-first-page-visible/by-brand/山と道/Yamatomichi Sacoche - 84a27cf9.png,tmp/gear-images/processed/catalog-first-page-visible/84a27cf9-b4ef-4758-ac9a-27a5456aca67.png,https://cdns3.yamatomichi.com/wp-content/uploads/2017/05/dd533f8af1e302e609a1a028ffc49340.jpg
山と道,Zip Pack,Zip Pack,その他（Other）,ca109ad9-2ef8-41ce-b1aa-311cdc2ad15e,tmp/gear-images/processed/catalog-first-page-visible/by-brand/山と道/Zip Pack - ca109ad9.png,tmp/gear-images/processed/catalog-first-page-visible/ca109ad9-2ef8-41ce-b1aa-311cdc2ad15e.png,https://cdns3.yamatomichi.com/wp-content/uploads/2024/08/2026_Zip-Pack_Navy_front-1.jpg
山と道,MINI,MINI,バックパック（Backpack）,907deb26-a00d-4f66-ba01-b4d1314fb6f6,tmp/gear-images/processed/catalog-first-page-visible/by-brand/山と道/MINI - 907deb26.png,tmp/gear-images/processed/catalog-first-page-visible/907deb26-a00d-4f66-ba01-b4d1314fb6f6.png,https://cdns3.yamatomichi.com/wp-content/uploads/2024/08/2026_MINI_Blue-Spruce.jpg
山と道,MINI2,MINI2,バックパック（Backpack）,6e6729e8-6813-487f-bdf5-76792afdce37,tmp/gear-images/processed/catalog-first-page-visible/by-brand/山と道/MINI2 - 6e6729e8.png,tmp/gear-images/processed/catalog-first-page-visible/6e6729e8-6813-487f-bdf5-76792afdce37.png,https://cdns3.yamatomichi.com/wp-content/uploads/2017/05/2026_MINI2_Cinnamon.jpg
山と道,ONE,ONE,バックパック（Backpack）,b29f6998-7b4a-4180-b213-2012d76477dd,tmp/gear-images/processed/catalog-first-page-visible/by-brand/山と道/ONE - b29f6998.png,tmp/gear-images/processed/catalog-first-page-visible/b29f6998-7b4a-4180-b213-2012d76477dd.png,https://cdns3.yamatomichi.com/wp-content/uploads/2024/08/square_2025_ONE_Mustard.jpg
山と道,THREE,THREE,バックパック（Backpack）,b3950d31-612e-4c96-aa9c-5077ded3f09d,tmp/gear-images/processed/catalog-first-page-visible/by-brand/山と道/THREE - b3950d31.png,tmp/gear-images/processed/catalog-first-page-visible/b3950d31-612e-4c96-aa9c-5077ded3f09d.png,https://cdns3.yamatomichi.com/wp-content/uploads/2019/02/2026_THREEStandard_Blue-2.jpg
山と道,Pack Liner (3pcs.),Pack Liner (3pcs.),寝具（Sleep System）,8db39943-cdf0-4db0-8780-b9e9b845e003,tmp/gear-images/processed/catalog-first-page-visible/by-brand/山と道/Pack Liner (3pcs.) - 8db39943.png,tmp/gear-images/processed/catalog-first-page-visible/8db39943-cdf0-4db0-8780-b9e9b845e003.png,https://cdns3.yamatomichi.com/wp-content/uploads/2017/08/2022_Pack_Liner_eyecatch.jpg
