id,brand,name_ja,model,official_weight_grams,weight_grams,msrp_jpy,verification_status,official_url,msrp_source_url,image_url
e63a71d2-50c2-432d-ab50-4873110de482,Caravan,C1_LIGHT LOW,C1_LIGHT LOW,,,,needs_review,https://www.caravan-web.com/c/category,https://www.caravan-web.com/c/category,https://fdakykmfsrsnuwnhdwmw.supabase.co/storage/v1/object/public/gear-images-processed/gear-products/manual-no-image-fill/e63a71d2-50c2-432d-ab50-4873110de482.png
e2df3fd7-41a1-4765-9566-a624f19eb248,Caravan,C1_LIGHT MID,C1_LIGHT MID,,,,needs_review,https://www.caravan-web.com/c/category,https://www.caravan-web.com/c/category,https://fdakykmfsrsnuwnhdwmw.supabase.co/storage/v1/object/public/gear-images-processed/gear-products/manual-no-image-fill/e2df3fd7-41a1-4765-9566-a624f19eb248.png
5a0efa6f-4973-48d7-b9c1-fefb6f590a50,Caravan,C6_02,C6_02,,,,needs_review,https://www.caravan-web.com/c/category,https://www.caravan-web.com/c/category,https://fdakykmfsrsnuwnhdwmw.supabase.co/storage/v1/object/public/gear-images-processed/gear-products/manual-no-image-fill/5a0efa6f-4973-48d7-b9c1-fefb6f590a50.png
b6f9904e-2590-45b3-b218-fe41463ee00e,Caravan,C7_04,C7_04,,,,needs_review,https://www.caravan-web.com/c/category,https://www.caravan-web.com/c/category,https://fdakykmfsrsnuwnhdwmw.supabase.co/storage/v1/object/public/gear-images-processed/gear-products/manual-no-image-fill/b6f9904e-2590-45b3-b218-fe41463ee00e.png
abc4ccac-37ab-405e-94dc-b7afcd90c365,Caravan,GK26,GK26,,,,needs_review,https://www.caravan-web.com/c/category,https://www.caravan-web.com/c/category,https://fdakykmfsrsnuwnhdwmw.supabase.co/storage/v1/object/public/gear-images-processed/gear-products/manual-no-image-fill/abc4ccac-37ab-405e-94dc-b7afcd90c365.png
3b9c202b-899b-4f58-a2d2-d07bbd81659f,Caravan,GK83,GK83,,,,needs_review,https://www.caravan-web.com/c/category,https://www.caravan-web.com/c/category,https://fdakykmfsrsnuwnhdwmw.supabase.co/storage/v1/object/public/gear-images-processed/gear-products/manual-no-image-fill/3b9c202b-899b-4f58-a2d2-d07bbd81659f.png
af76def1-964a-44b0-a8c2-046b50e61e2f,Caravan,GK88,GK88,,,,needs_review,https://www.caravan-web.com/c/category,https://www.caravan-web.com/c/category,https://fdakykmfsrsnuwnhdwmw.supabase.co/storage/v1/object/public/gear-images-processed/gear-products/manual-no-image-fill/af76def1-964a-44b0-a8c2-046b50e61e2f.png
3361ef18-e99e-4679-b57c-7900fa399802,Caravan,KR_3XF,KR_3XF,,,,needs_review,https://www.caravan-web.com/c/category,https://www.caravan-web.com/c/category,https://fdakykmfsrsnuwnhdwmw.supabase.co/storage/v1/object/public/gear-images-processed/gear-products/manual-no-image-fill/3361ef18-e99e-4679-b57c-7900fa399802.png
a14ea884-670d-45fc-b649-6c3c2cdb3793,Caravan,KR_3XR,KR_3XR,,,,needs_review,https://www.caravan-web.com/c/category,https://www.caravan-web.com/c/category,https://fdakykmfsrsnuwnhdwmw.supabase.co/storage/v1/object/public/gear-images-processed/gear-products/manual-no-image-fill/a14ea884-670d-45fc-b649-6c3c2cdb3793.png
68cc5d81-fcd8-45ba-9754-cfd2fbaccb09,Caravan,渓流 KR_3XFW,渓流 KR_3XFW,,,,needs_review,https://www.caravan-web.com/c/category,https://www.caravan-web.com/c/category,https://fdakykmfsrsnuwnhdwmw.supabase.co/storage/v1/object/public/gear-images-processed/gear-products/manual-no-image-fill/68cc5d81-fcd8-45ba-9754-cfd2fbaccb09.png
300a90e0-7002-417e-9adf-56e545374915,finetrack,エバーブレスフォトンジャケット,エバーブレスフォトンジャケット,,,,needs_review,https://www.finetrack.com/products/,https://www.finetrack.com/products/,https://fdakykmfsrsnuwnhdwmw.supabase.co/storage/v1/object/public/gear-images-processed/gear-products/manual-no-image-fill/300a90e0-7002-417e-9adf-56e545374915.png
32adc51e-9fbe-4a77-8869-2266f40e5692,finetrack,カミナドーム1,カミナドーム1,1130,1130,,verified,https://www.finetrack.com/products/kamina-dome/,https://www.finetrack.com/products/kamina-dome/,https://fdakykmfsrsnuwnhdwmw.supabase.co/storage/v1/object/public/gear-images-processed/gear-products/first-page-visible/32adc51e-9fbe-4a77-8869-2266f40e5692.png
3f3203d3-276c-4917-a771-d9cb5f03eb7c,finetrack,カミナドーム1 フットプリント,カミナドーム1 フットプリント,,,,needs_review,https://www.finetrack.com/products/kamina-dome/,https://www.finetrack.com/products/kamina-dome/,https://fdakykmfsrsnuwnhdwmw.supabase.co/storage/v1/object/public/gear-images-processed/gear-products/manual-no-image-fill/3f3203d3-276c-4917-a771-d9cb5f03eb7c.png
2e1ddc3a-da38-4e7c-8945-3a636f0e328a,finetrack,カミナドーム2,カミナドーム2,1310,1310,,verified,https://www.finetrack.com/products/kamina-dome/,https://www.finetrack.com/products/kamina-dome/,https://fdakykmfsrsnuwnhdwmw.supabase.co/storage/v1/object/public/gear-images-processed/gear-products/first-page-visible/2e1ddc3a-da38-4e7c-8945-3a636f0e328a.png
43c8e4d8-9c22-4447-8367-f07735769962,finetrack,カミナドーム2 フットプリント,カミナドーム2 フットプリント,,,,needs_review,https://www.finetrack.com/products/kamina-dome/,https://www.finetrack.com/products/kamina-dome/,https://fdakykmfsrsnuwnhdwmw.supabase.co/storage/v1/object/public/gear-images-processed/gear-products/manual-no-image-fill/43c8e4d8-9c22-4447-8367-f07735769962.png
48b8f3a1-b189-4e0c-8302-04e667cf9010,finetrack,カミナドーム4,カミナドーム4,1860,1860,,verified,https://www.finetrack.com/products/kamina-dome/,https://www.finetrack.com/products/kamina-dome/,https://fdakykmfsrsnuwnhdwmw.supabase.co/storage/v1/object/public/gear-images-processed/gear-products/first-page-visible/48b8f3a1-b189-4e0c-8302-04e667cf9010.png
19837f12-fc7a-4f4d-abc5-72d961c8a36d,finetrack,カミナモノポール1,カミナモノポール1,890,890,,verified,https://www.finetrack.com/products/kamina-monopole/,https://www.finetrack.com/products/kamina-monopole/,https://fdakykmfsrsnuwnhdwmw.supabase.co/storage/v1/object/public/gear-images-processed/gear-products/first-page-visible/19837f12-fc7a-4f4d-abc5-72d961c8a36d.png
bce09673-644a-4b49-baf0-ef6b5e962642,finetrack,カミナモノポール2,カミナモノポール2,990,990,,verified,https://www.finetrack.com/products/kamina-monopole/,https://www.finetrack.com/products/kamina-monopole/,https://fdakykmfsrsnuwnhdwmw.supabase.co/storage/v1/object/public/gear-images-processed/gear-products/first-page-visible/bce09673-644a-4b49-baf0-ef6b5e962642.png
aad89d40-b629-42df-9083-a82e70fc199c,finetrack,カミノパンツ,カミノパンツ,,,,needs_review,https://www.finetrack.com/products/,https://www.finetrack.com/products/,https://fdakykmfsrsnuwnhdwmw.supabase.co/storage/v1/object/public/gear-images-processed/gear-products/manual-no-image-fill/aad89d40-b629-42df-9083-a82e70fc199c.png
92e9d564-5071-4557-a807-0e5c21c7f9ea,finetrack,ゴージュタープ,ゴージュタープ,455,455,,verified,https://www.finetrack.com/products/gorge-tarp/,https://www.finetrack.com/products/gorge-tarp/,https://fdakykmfsrsnuwnhdwmw.supabase.co/storage/v1/object/public/gear-images-processed/gear-products/catalog-remaining-existing-visible/92e9d564-5071-4557-a807-0e5c21c7f9ea.png
127d46dd-40ca-4f33-8248-15a702950190,finetrack,ゴージュタープミニ,ゴージュタープミニ,300,300,,verified,https://www.finetrack.com/products/gorge-tarp/,https://www.finetrack.com/products/gorge-tarp/,https://fdakykmfsrsnuwnhdwmw.supabase.co/storage/v1/object/public/gear-images-processed/gear-products/catalog-remaining-existing-visible/127d46dd-40ca-4f33-8248-15a702950190.png
1046a172-2d21-4004-96bd-228b8209e991,finetrack,ツエルト1,ツエルト1,230,230,,verified,https://www.finetrack.com/products/zelt/zelt1/,https://www.finetrack.com/products/zelt/,https://fdakykmfsrsnuwnhdwmw.supabase.co/storage/v1/object/public/gear-images-processed/gear-products/catalog-remaining-existing-visible/1046a172-2d21-4004-96bd-228b8209e991.png
8f69e196-c1bf-4d5a-98b9-82302f7246b4,finetrack,ツエルト2,ツエルト2,,,,needs_review,https://www.finetrack.com/products/zelt/,https://www.finetrack.com/products/zelt/,https://fdakykmfsrsnuwnhdwmw.supabase.co/storage/v1/object/public/gear-images-processed/gear-products/manual-no-image-fill/8f69e196-c1bf-4d5a-98b9-82302f7246b4.png
ad0ea239-891d-4f0c-a49f-39c3172d804c,finetrack,ツエルト2ロング,ツエルト2ロング,240,240,,verified,https://www.finetrack.com/products/zelt/zelt2long/,https://www.finetrack.com/products/zelt/,https://fdakykmfsrsnuwnhdwmw.supabase.co/storage/v1/object/public/gear-images-processed/gear-products/catalog-remaining-existing-visible/ad0ea239-891d-4f0c-a49f-39c3172d804c.png
1913537e-b401-43d3-813f-067978a23204,finetrack,ドライレイヤーウォームロングスリーブ,ドライレイヤーウォームロングスリーブ,,,,needs_review,https://www.finetrack.com/products/,https://www.finetrack.com/products/,https://fdakykmfsrsnuwnhdwmw.supabase.co/storage/v1/object/public/gear-images-processed/gear-products/manual-no-image-fill/1913537e-b401-43d3-813f-067978a23204.png
4dc304b2-f571-4279-9f4d-4ca8f8482206,finetrack,ドライレイヤークールT,ドライレイヤークールT,,,,needs_review,https://www.finetrack.com/products/,https://www.finetrack.com/products/,https://fdakykmfsrsnuwnhdwmw.supabase.co/storage/v1/object/public/gear-images-processed/gear-products/manual-no-image-fill/4dc304b2-f571-4279-9f4d-4ca8f8482206.png
ee7362cb-6b6e-4346-b188-5ff9fb9a12aa,finetrack,ドライレイヤーベーシックT,ドライレイヤーベーシックT,,,,needs_review,https://www.finetrack.com/products/,https://www.finetrack.com/products/,https://fdakykmfsrsnuwnhdwmw.supabase.co/storage/v1/object/public/gear-images-processed/gear-products/manual-no-image-fill/ee7362cb-6b6e-4346-b188-5ff9fb9a12aa.png
5aa633fb-eeb6-479e-ab23-f02d63eaf45f,finetrack,ドラウトクロージャケット,ドラウトクロージャケット,,,,needs_review,https://www.finetrack.com/products/,https://www.finetrack.com/products/,https://fdakykmfsrsnuwnhdwmw.supabase.co/storage/v1/object/public/gear-images-processed/gear-products/manual-no-image-fill/5aa633fb-eeb6-479e-ab23-f02d63eaf45f.png
41fcf17c-c717-41ce-8e75-9847e6eb59e3,finetrack,ナノタオル,ナノタオル,,,,needs_review,https://www.finetrack.com/products/,https://www.finetrack.com/products/,https://fdakykmfsrsnuwnhdwmw.supabase.co/storage/v1/object/public/gear-images-processed/gear-products/manual-no-image-fill/41fcf17c-c717-41ce-8e75-9847e6eb59e3.png
a32a825c-0ad6-4a05-9459-12c2ba87a1d5,finetrack,ピコシェルター,ピコシェルター,120,120,,verified,https://www.finetrack.com/products/zelt/picoshelter/,https://www.finetrack.com/products/zelt/,https://fdakykmfsrsnuwnhdwmw.supabase.co/storage/v1/object/public/gear-images-processed/gear-products/catalog-remaining-existing-visible/a32a825c-0ad6-4a05-9459-12c2ba87a1d5.png
4bac0e06-ae46-4785-80ff-99a63d5ad019,finetrack,フロウラップフーディ,フロウラップフーディ,,,,needs_review,https://www.finetrack.com/products/,https://www.finetrack.com/products/,https://fdakykmfsrsnuwnhdwmw.supabase.co/storage/v1/object/public/gear-images-processed/gear-products/manual-no-image-fill/4bac0e06-ae46-4785-80ff-99a63d5ad019.png
fd09b5b1-89ee-430a-92d8-c20878c41619,finetrack,ポリゴンULジャケット,ポリゴンULジャケット,,,,needs_review,https://www.finetrack.com/products/,https://www.finetrack.com/products/,https://fdakykmfsrsnuwnhdwmw.supabase.co/storage/v1/object/public/gear-images-processed/gear-products/manual-no-image-fill/fd09b5b1-89ee-430a-92d8-c20878c41619.png
881863eb-43ee-4b69-a686-cafd2496084c,finetrack,メリノスピンライトロングスリーブ,メリノスピンライトロングスリーブ,,,,needs_review,https://www.finetrack.com/products/,https://www.finetrack.com/products/,https://fdakykmfsrsnuwnhdwmw.supabase.co/storage/v1/object/public/gear-images-processed/gear-products/manual-no-image-fill/881863eb-43ee-4b69-a686-cafd2496084c.png
7920db57-54b5-47f7-ab93-d1d2c5e26350,Garmin,eTrex SE,eTrex SE,157,157,,verified,https://www.garmin.com/en-US/p/835742/pn/010-02734-00/,https://www.garmin.com/en-US/p/835742/pn/010-02734-00/,https://fdakykmfsrsnuwnhdwmw.supabase.co/storage/v1/object/public/gear-images-processed/gear-products/first-page-visible/7920db57-54b5-47f7-ab93-d1d2c5e26350.png
9a967ad9-306f-4552-8bf3-cdf5e8f2f351,Nalgene,32oz Wide Mouth Bottle,32oz Wide Mouth Bottle,177,177,,verified,https://nalgene.com/product/32oz-wide-mouth-bottle/,https://nalgene.com/product/32oz-wide-mouth-bottle/,https://fdakykmfsrsnuwnhdwmw.supabase.co/storage/v1/object/public/gear-images-processed/gear-products/manual-no-image-fill/9a967ad9-306f-4552-8bf3-cdf5e8f2f351.png
051f4953-46c6-41a5-a3e2-014921e1bdf0,Osprey,エイジャ48,エイジャ48,,,,needs_review,https://www.osprey.com/,https://www.osprey.com/,https://fdakykmfsrsnuwnhdwmw.supabase.co/storage/v1/object/public/gear-images-processed/gear-products/manual-no-image-fill/051f4953-46c6-41a5-a3e2-014921e1bdf0.png
37c98422-7c0a-40a7-ad77-1d3fb851a4c3,Osprey,エクソス48,エクソス48,,,,needs_review,https://www.osprey.com/,https://www.osprey.com/,https://fdakykmfsrsnuwnhdwmw.supabase.co/storage/v1/object/public/gear-images-processed/gear-products/manual-no-image-fill/37c98422-7c0a-40a7-ad77-1d3fb851a4c3.png
67bcabfe-d1b9-446c-97a2-a06cb01680f6,Osprey,シラス26,シラス26,,,,needs_review,https://www.osprey.com/,https://www.osprey.com/,https://fdakykmfsrsnuwnhdwmw.supabase.co/storage/v1/object/public/gear-images-processed/gear-products/manual-no-image-fill/67bcabfe-d1b9-446c-97a2-a06cb01680f6.png
dbf2bf2d-b58b-491e-9cd0-d8e94a204adf,Osprey,シラス36,シラス36,,,,needs_review,https://www.osprey.com/,https://www.osprey.com/,https://fdakykmfsrsnuwnhdwmw.supabase.co/storage/v1/object/public/gear-images-processed/gear-products/manual-no-image-fill/dbf2bf2d-b58b-491e-9cd0-d8e94a204adf.png
b4acc449-411f-4961-b963-35f699ccd04d,Osprey,ストラトス26,ストラトス26,,,,needs_review,https://www.osprey.com/,https://www.osprey.com/,https://fdakykmfsrsnuwnhdwmw.supabase.co/storage/v1/object/public/gear-images-processed/gear-products/manual-no-image-fill/b4acc449-411f-4961-b963-35f699ccd04d.png
2482747c-0ad2-4340-ad78-8a4dfda93fab,Osprey,ストラトス36,ストラトス36,,,,needs_review,https://www.osprey.com/,https://www.osprey.com/,https://fdakykmfsrsnuwnhdwmw.supabase.co/storage/v1/object/public/gear-images-processed/gear-products/manual-no-image-fill/2482747c-0ad2-4340-ad78-8a4dfda93fab.png
a83d6c2d-f8d9-4db3-99be-363286c9118e,Osprey,タロン22,タロン22,,,,needs_review,https://www.osprey.com/,https://www.osprey.com/,https://fdakykmfsrsnuwnhdwmw.supabase.co/storage/v1/object/public/gear-images-processed/gear-products/manual-no-image-fill/a83d6c2d-f8d9-4db3-99be-363286c9118e.png
80cf8698-ebce-40e5-acb3-1e9de5f2eb88,Osprey,タロン33,タロン33,,,,needs_review,https://www.osprey.com/,https://www.osprey.com/,https://fdakykmfsrsnuwnhdwmw.supabase.co/storage/v1/object/public/gear-images-processed/gear-products/manual-no-image-fill/80cf8698-ebce-40e5-acb3-1e9de5f2eb88.png
da2e977d-06c2-4e27-a6c1-347b78301729,Osprey,タロン44,タロン44,,,,needs_review,https://www.osprey.com/,https://www.osprey.com/,https://fdakykmfsrsnuwnhdwmw.supabase.co/storage/v1/object/public/gear-images-processed/gear-products/manual-no-image-fill/da2e977d-06c2-4e27-a6c1-347b78301729.png
ff587634-a79c-41a2-a67a-42f364876141,Osprey,テンペスト20,テンペスト20,,,,needs_review,https://www.osprey.com/,https://www.osprey.com/,https://fdakykmfsrsnuwnhdwmw.supabase.co/storage/v1/object/public/gear-images-processed/gear-products/manual-no-image-fill/ff587634-a79c-41a2-a67a-42f364876141.png
eb6b591a-2d19-418e-90fd-cdd3b2be88a6,Osprey,テンペスト30,テンペスト30,,,,needs_review,https://www.osprey.com/,https://www.osprey.com/,https://fdakykmfsrsnuwnhdwmw.supabase.co/storage/v1/object/public/gear-images-processed/gear-products/manual-no-image-fill/eb6b591a-2d19-418e-90fd-cdd3b2be88a6.png
6bcb12d2-0210-49a8-80b3-cd48e056079d,Osprey,ハイクライト18,ハイクライト18,,,,needs_review,https://www.osprey.com/,https://www.osprey.com/,https://fdakykmfsrsnuwnhdwmw.supabase.co/storage/v1/object/public/gear-images-processed/gear-products/manual-no-image-fill/6bcb12d2-0210-49a8-80b3-cd48e056079d.png
e54ceec4-8179-4c97-93a0-76beaa25ed4f,Osprey,ハイクライト26,ハイクライト26,,,,needs_review,https://www.osprey.com/,https://www.osprey.com/,https://fdakykmfsrsnuwnhdwmw.supabase.co/storage/v1/object/public/gear-images-processed/gear-products/manual-no-image-fill/e54ceec4-8179-4c97-93a0-76beaa25ed4f.png
68f6a60b-b9ea-48ce-a3a7-7c5793b98be7,Osprey,ミュータント38,ミュータント38,,,,needs_review,https://www.osprey.com/,https://www.osprey.com/,https://fdakykmfsrsnuwnhdwmw.supabase.co/storage/v1/object/public/gear-images-processed/gear-products/manual-no-image-fill/68f6a60b-b9ea-48ce-a3a7-7c5793b98be7.png
8a686a94-deed-492a-8e8c-e666fa0669d9,Petzl,ACTIK,ACTIK,98,98,,verified,https://www.petzl.com/INT/en/Sport/Headlamps/ACTIK,https://www.petzl.com/INT/en/Sport/Headlamps/ACTIK,https://fdakykmfsrsnuwnhdwmw.supabase.co/storage/v1/object/public/gear-images-processed/gear-products/first-page-visible/8a686a94-deed-492a-8e8c-e666fa0669d9.png
26784443-9cdb-495a-90e6-4b60a892ca59,Petzl,ACTIK CORE,ACTIK CORE,88,88,,verified,https://www.petzl.com/INT/en/Sport/Headlamps/ACTIK-CORE,https://www.petzl.com/INT/en/Sport/Headlamps/ACTIK-CORE,https://fdakykmfsrsnuwnhdwmw.supabase.co/storage/v1/object/public/gear-images-processed/gear-products/first-page-visible/26784443-9cdb-495a-90e6-4b60a892ca59.png
8539594d-c874-4205-97ef-27329fbca0ad,Petzl,ARIA 1 RGB,ARIA 1 RGB,,,,needs_review,https://www.petzl.com/INT/en/Sport/Headlamps,https://www.petzl.com/INT/en/Sport/Headlamps,https://fdakykmfsrsnuwnhdwmw.supabase.co/storage/v1/object/public/gear-images-processed/gear-products/manual-no-image-fill/8539594d-c874-4205-97ef-27329fbca0ad.png
7a1ee0c5-1895-45b7-9143-d07629228b79,Petzl,ARIA 2 RGB,ARIA 2 RGB,,,,needs_review,https://www.petzl.com/INT/en/Sport/Headlamps,https://www.petzl.com/INT/en/Sport/Headlamps,https://fdakykmfsrsnuwnhdwmw.supabase.co/storage/v1/object/public/gear-images-processed/gear-products/manual-no-image-fill/7a1ee0c5-1895-45b7-9143-d07629228b79.png
3774c498-5ee3-4ab4-a2aa-d7bb072f0b4c,Petzl,ARIA 2R,ARIA 2R,,,,needs_review,https://www.petzl.com/INT/en/Sport/Headlamps,https://www.petzl.com/INT/en/Sport/Headlamps,https://fdakykmfsrsnuwnhdwmw.supabase.co/storage/v1/object/public/gear-images-processed/gear-products/manual-no-image-fill/3774c498-5ee3-4ab4-a2aa-d7bb072f0b4c.png
37be6e0f-59d3-4870-a80f-3a1b44ad8eb4,Petzl,BINDI,BINDI,,,,needs_review,https://www.petzl.com/INT/en/Sport/Headlamps,https://www.petzl.com/INT/en/Sport/Headlamps,https://fdakykmfsrsnuwnhdwmw.supabase.co/storage/v1/object/public/gear-images-processed/gear-products/manual-no-image-fill/37be6e0f-59d3-4870-a80f-3a1b44ad8eb4.png
ec43d109-e419-4ccb-904a-f6d6f2347889,Petzl,BOREO,BOREO,,,,needs_review,https://www.petzl.com/INT/en/Sport/Helmets,https://www.petzl.com/INT/en/Sport/Helmets,https://fdakykmfsrsnuwnhdwmw.supabase.co/storage/v1/object/public/gear-images-processed/gear-products/manual-no-image-fill/ec43d109-e419-4ccb-904a-f6d6f2347889.png
991ccc85-a1aa-429f-b1c9-589e28b90432,Petzl,IKO,IKO,,,,needs_review,https://www.petzl.com/INT/en/Sport/Headlamps,https://www.petzl.com/INT/en/Sport/Headlamps,https://fdakykmfsrsnuwnhdwmw.supabase.co/storage/v1/object/public/gear-images-processed/gear-products/manual-no-image-fill/991ccc85-a1aa-429f-b1c9-589e28b90432.png
b91e74c9-0290-4807-a621-2b39dad8dad9,Petzl,IKO CORE,IKO CORE,79,79,,verified,https://www.petzl.com/INT/en/Sport/Headlamps/IKO-CORE,https://www.petzl.com/INT/en/Sport/Headlamps/IKO-CORE,https://fdakykmfsrsnuwnhdwmw.supabase.co/storage/v1/object/public/gear-images-processed/gear-products/first-page-visible/b91e74c9-0290-4807-a621-2b39dad8dad9.png
aca97990-3dea-4604-b54b-3bc948f73099,Petzl,METEOR,METEOR,,,,needs_review,https://www.petzl.com/INT/en/Sport/Helmets,https://www.petzl.com/INT/en/Sport/Helmets,https://fdakykmfsrsnuwnhdwmw.supabase.co/storage/v1/object/public/gear-images-processed/gear-products/manual-no-image-fill/aca97990-3dea-4604-b54b-3bc948f73099.png
b9921d1c-586d-44cd-b9ef-b7b67ae121ce,Petzl,NAO RL,NAO RL,,,,needs_review,https://www.petzl.com/INT/en/Sport/Headlamps,https://www.petzl.com/INT/en/Sport/Headlamps,https://fdakykmfsrsnuwnhdwmw.supabase.co/storage/v1/object/public/gear-images-processed/gear-products/manual-no-image-fill/b9921d1c-586d-44cd-b9ef-b7b67ae121ce.png
73172134-dca1-48fb-9811-e51e59221b9f,Petzl,SWIFT RL,SWIFT RL,92,92,,verified,https://www.petzl.com/INT/en/Sport/Headlamps/SWIFT-RL,https://www.petzl.com/INT/en/Sport/Headlamps/SWIFT-RL,https://fdakykmfsrsnuwnhdwmw.supabase.co/storage/v1/object/public/gear-images-processed/gear-products/first-page-visible/73172134-dca1-48fb-9811-e51e59221b9f.png
d5ee928f-64bd-48b3-9ca1-fc1e648ea8ff,Petzl,TACTIKKA,TACTIKKA,,,,needs_review,https://www.petzl.com/INT/en/Sport/Headlamps,https://www.petzl.com/INT/en/Sport/Headlamps,https://fdakykmfsrsnuwnhdwmw.supabase.co/storage/v1/object/public/gear-images-processed/gear-products/manual-no-image-fill/d5ee928f-64bd-48b3-9ca1-fc1e648ea8ff.png
68a7a1e0-a09d-4a67-986a-175694fe37fa,Petzl,TACTIKKA CORE,TACTIKKA CORE,,,,needs_review,https://www.petzl.com/INT/en/Sport/Headlamps,https://www.petzl.com/INT/en/Sport/Headlamps,https://fdakykmfsrsnuwnhdwmw.supabase.co/storage/v1/object/public/gear-images-processed/gear-products/manual-no-image-fill/68a7a1e0-a09d-4a67-986a-175694fe37fa.png
28a64247-d87f-4252-9c50-311b17399e97,Petzl,TIKKA,TIKKA,94,94,,verified,https://www.petzl.com/INT/en/Sport/Headlamps/TIKKA,https://www.petzl.com/INT/en/Sport/Headlamps/TIKKA,https://fdakykmfsrsnuwnhdwmw.supabase.co/storage/v1/object/public/gear-images-processed/gear-products/catalog-remaining-existing-visible/28a64247-d87f-4252-9c50-311b17399e97.png
8ca84e74-20c5-41e9-8949-ec5a8cf4a449,Petzl,TIKKA CORE,TIKKA CORE,84,84,,verified,https://www.petzl.com/INT/en/Sport/Headlamps/TIKKA-CORE,https://www.petzl.com/INT/en/Sport/Headlamps/TIKKA-CORE,https://fdakykmfsrsnuwnhdwmw.supabase.co/storage/v1/object/public/gear-images-processed/gear-products/catalog-remaining-existing-visible/8ca84e74-20c5-41e9-8949-ec5a8cf4a449.png
794e738f-c66f-43f7-937c-37b5ddb889dc,Sawyer,Squeeze ウォーターフィルターシステム,Squeeze Water Filter System,232,232,,verified,https://www.sawyer.com/product/squeeze-water-filter-system,https://www.sawyer.com/product/squeeze-water-filter-system,https://fdakykmfsrsnuwnhdwmw.supabase.co/storage/v1/object/public/gear-images-processed/gear-products/manual-no-image-fill/794e738f-c66f-43f7-937c-37b5ddb889dc.png
0acec8ae-d2ff-43f3-b7e0-1357ad53c5b7,Snow Peak,チタン先割れスプーン,Titanium Spork,16,16,,verified,https://www.snowpeak.com/products/titanium-spork,https://www.snowpeak.com/products/titanium-spork,https://fdakykmfsrsnuwnhdwmw.supabase.co/storage/v1/object/public/gear-images-processed/gear-products/manual-no-image-fill/0acec8ae-d2ff-43f3-b7e0-1357ad53c5b7.png
801dd5bb-d4b2-4574-9921-36429dc3d097,THE NORTH FACE,フットプリント/マウンテンショット1,フットプリント/マウンテンショット1,,,6600,needs_review,https://www.goldwin.co.jp/ap/item/i/m/NN32408,https://www.goldwin.co.jp/ap/item/i/m/NN32408,https://fdakykmfsrsnuwnhdwmw.supabase.co/storage/v1/object/public/gear-images-processed/gear-products/catalog-brand-existing-visible/801dd5bb-d4b2-4574-9921-36429dc3d097.png
2c8eb353-52e5-48eb-bdce-9b037e192055,THE NORTH FACE,フットプリント/マウンテンショット2,フットプリント/マウンテンショット2,,,7700,needs_review,https://www.goldwin.co.jp/ap/item/i/m/NN32407,https://www.goldwin.co.jp/ap/item/i/m/NN32407,https://fdakykmfsrsnuwnhdwmw.supabase.co/storage/v1/object/public/gear-images-processed/gear-products/catalog-brand-existing-visible/2c8eb353-52e5-48eb-bdce-9b037e192055.png
bb67aec0-f9c2-4a30-9e84-237e03332717,Therm-a-Rest,NeoAir XLite NXT MAX レギュラーワイド,NeoAir XLite NXT MAX Regular Wide,539,539,,verified,https://www.thermarest.com/sleeping-pads/fast-and-light/neoair-xlite-nxt-max-sleeping-pad/neoair-xlite-nxt-max.html,https://www.thermarest.com/sleeping-pads/fast-and-light/neoair-xlite-nxt-max-sleeping-pad/neoair-xlite-nxt-max.html,https://fdakykmfsrsnuwnhdwmw.supabase.co/storage/v1/object/public/gear-images-processed/gear-products/first-page-visible/bb67aec0-f9c2-4a30-9e84-237e03332717.png
06258fba-df94-48fe-9c47-dab2b378d1cd,Therm-a-Rest,NeoAir XLite NXT レギュラー,NeoAir XLite NXT Regular,369,369,,verified,https://www.thermarest.com/sleeping-pads/fast-and-light/neoair-xlite-nxt-sleeping-pad/neoair-xlite-nxt.html,https://www.thermarest.com/sleeping-pads/fast-and-light/neoair-xlite-nxt-sleeping-pad/neoair-xlite-nxt.html,https://fdakykmfsrsnuwnhdwmw.supabase.co/storage/v1/object/public/gear-images-processed/gear-products/first-page-visible/06258fba-df94-48fe-9c47-dab2b378d1cd.png
04b7c025-b597-4d8c-8834-257084f778ea,Therm-a-Rest,NeoAir XTherm NXT MAX レギュラーワイド,NeoAir XTherm NXT MAX Regular Wide,652,652,,verified,https://www.thermarest.com/sleeping-pads/fast-and-light/neoair-r-xtherm-nxt-max-sleeping-pad/neoair-r-xtherm-nxt-max.html,https://www.thermarest.com/sleeping-pads/fast-and-light/neoair-r-xtherm-nxt-max-sleeping-pad/neoair-r-xtherm-nxt-max.html,https://fdakykmfsrsnuwnhdwmw.supabase.co/storage/v1/object/public/gear-images-processed/gear-products/first-page-visible/04b7c025-b597-4d8c-8834-257084f778ea.png
70408436-1a10-4260-b839-b9e192ac71c8,Therm-a-Rest,NeoAir XTherm NXT レギュラー,NeoAir XTherm NXT Regular,439,439,,verified,https://www.thermarest.com/sleeping-pads/fast-and-light/neoair-xtherm-nxt-sleeping-pad/neoair-xtherm-nxt.html,https://www.thermarest.com/sleeping-pads/fast-and-light/neoair-xtherm-nxt-sleeping-pad/neoair-xtherm-nxt.html,https://fdakykmfsrsnuwnhdwmw.supabase.co/storage/v1/object/public/gear-images-processed/gear-products/first-page-visible/70408436-1a10-4260-b839-b9e192ac71c8.png
a875c87d-88b1-4f3c-a693-aee4ebf0a2f2,Therm-a-Rest,Original Z Lite,Original Z Lite,397,397,,verified,https://www.thermarest.com/sleeping-pads/trek-and-travel/original-z-lite-sleeping-pad/original-z-lite.html,https://www.thermarest.com/sleeping-pads/trek-and-travel/original-z-lite-sleeping-pad/original-z-lite.html,https://fdakykmfsrsnuwnhdwmw.supabase.co/storage/v1/object/public/gear-images-processed/gear-products/first-page-visible/a875c87d-88b1-4f3c-a693-aee4ebf0a2f2.png
59273438-5547-4588-8681-0db8468f528a,Therm-a-Rest,ProLite Apex レギュラー,ProLite Apex Regular,624,624,,verified,https://www.thermarest.com/sleeping-pads/trek-and-travel/prolite-apex-sleeping-pad/prolite-apex.html,https://www.thermarest.com/sleeping-pads/trek-and-travel/prolite-apex-sleeping-pad/prolite-apex.html,https://fdakykmfsrsnuwnhdwmw.supabase.co/storage/v1/object/public/gear-images-processed/gear-products/first-page-visible/59273438-5547-4588-8681-0db8468f528a.png
3cfa4e4f-b7cb-488d-ad57-88e778a880bc,Therm-a-Rest,ProLite Plus レギュラー,ProLite Plus Regular,652,652,,verified,https://www.thermarest.com/sleeping-pads/trek-and-travel/prolite-plus-sleeping-pad/prolite-plus.html,https://www.thermarest.com/sleeping-pads/trek-and-travel/prolite-plus-sleeping-pad/prolite-plus.html,https://fdakykmfsrsnuwnhdwmw.supabase.co/storage/v1/object/public/gear-images-processed/gear-products/first-page-visible/3cfa4e4f-b7cb-488d-ad57-88e778a880bc.png
4a312956-857a-4aca-9046-d8e8a083aab7,Therm-a-Rest,RidgeRest Classic レギュラー,RidgeRest Classic Regular,397,397,,verified,https://www.thermarest.com/sleeping-pads/trek-and-travel/ridgerest-classic-sleeping-pad/ridgerest-classic.html,https://www.thermarest.com/sleeping-pads/trek-and-travel/ridgerest-classic-sleeping-pad/ridgerest-classic.html,https://fdakykmfsrsnuwnhdwmw.supabase.co/storage/v1/object/public/gear-images-processed/gear-products/first-page-visible/4a312956-857a-4aca-9046-d8e8a083aab7.png
72cf086e-c764-461d-b4b3-41d03315c1b8,Therm-a-Rest,Z Lite SOL レギュラー,Z Lite SOL Regular,397,397,,verified,https://www.thermarest.com/sleeping-pads/trek-and-travel/z-lite-sol-sleeping-pad/z-lite-sol.html,https://www.thermarest.com/sleeping-pads/trek-and-travel/z-lite-sol-sleeping-pad/z-lite-sol.html,https://fdakykmfsrsnuwnhdwmw.supabase.co/storage/v1/object/public/gear-images-processed/gear-products/catalog-remaining-existing-visible/72cf086e-c764-461d-b4b3-41d03315c1b8.png
75ebecea-8378-4617-8255-1ac1cb39840f,山と道,100% Merino Hoody,100% Merino Hoody,,,,needs_review,https://shop.yamatomichi.com/collections/all,https://shop.yamatomichi.com/collections/all,https://fdakykmfsrsnuwnhdwmw.supabase.co/storage/v1/object/public/gear-images-processed/gear-products/manual-no-image-fill/75ebecea-8378-4617-8255-1ac1cb39840f.png
24e3e111-3514-4aa7-ab17-00d8ddc49f4f,山と道,100% Merino Light Long Sleeve,100% Merino Light Long Sleeve,,,,needs_review,https://shop.yamatomichi.com/collections/all,https://shop.yamatomichi.com/collections/all,https://fdakykmfsrsnuwnhdwmw.supabase.co/storage/v1/object/public/gear-images-processed/gear-products/manual-no-image-fill/24e3e111-3514-4aa7-ab17-00d8ddc49f4f.png
d6bdd74c-155b-4404-894e-ff27d0ded994,山と道,5-Pocket Pants,5-Pocket Pants,,,,needs_review,https://shop.yamatomichi.com/collections/all,https://shop.yamatomichi.com/collections/all,https://fdakykmfsrsnuwnhdwmw.supabase.co/storage/v1/object/public/gear-images-processed/gear-products/manual-no-image-fill/d6bdd74c-155b-4404-894e-ff27d0ded994.png
4f9682ae-5725-4284-af95-26cbbdc50e15,山と道,5-Pocket Shorts,5-Pocket Shorts,,,,needs_review,https://shop.yamatomichi.com/collections/all,https://shop.yamatomichi.com/collections/all,https://fdakykmfsrsnuwnhdwmw.supabase.co/storage/v1/object/public/gear-images-processed/gear-products/manual-no-image-fill/4f9682ae-5725-4284-af95-26cbbdc50e15.png
9b32957b-b394-4034-a2e7-419d1219ca7a,山と道,Alpha Anorak,Alpha Anorak,,,,needs_review,https://shop.yamatomichi.com/collections/all,https://shop.yamatomichi.com/collections/all,https://fdakykmfsrsnuwnhdwmw.supabase.co/storage/v1/object/public/gear-images-processed/gear-products/manual-no-image-fill/9b32957b-b394-4034-a2e7-419d1219ca7a.png
cbe90a7d-279a-4b90-84fe-df0fa6891dac,山と道,Alpha Haramaki,Alpha Haramaki,,,,needs_review,https://shop.yamatomichi.com/collections/all,https://shop.yamatomichi.com/collections/all,https://fdakykmfsrsnuwnhdwmw.supabase.co/storage/v1/object/public/gear-images-processed/gear-products/manual-no-image-fill/cbe90a7d-279a-4b90-84fe-df0fa6891dac.png
83079b8a-a21d-4c65-a47c-fd3be1897254,山と道,Bamboo Shirt,Bamboo Shirt,,,,needs_review,https://shop.yamatomichi.com/collections/all,https://shop.yamatomichi.com/collections/all,https://fdakykmfsrsnuwnhdwmw.supabase.co/storage/v1/object/public/gear-images-processed/gear-products/manual-no-image-fill/83079b8a-a21d-4c65-a47c-fd3be1897254.png
22795b6f-8239-4363-a127-1819be03c6e6,山と道,DW 5-Pocket Pants,DW 5-Pocket Pants,,,,needs_review,https://shop.yamatomichi.com/collections/all,https://shop.yamatomichi.com/collections/all,https://fdakykmfsrsnuwnhdwmw.supabase.co/storage/v1/object/public/gear-images-processed/gear-products/manual-no-image-fill/22795b6f-8239-4363-a127-1819be03c6e6.png
02fcca9e-4a01-49f7-8b42-45e201873ecd,山と道,Light 5-Pocket Pants,Light 5-Pocket Pants,,,,needs_review,https://shop.yamatomichi.com/collections/all,https://shop.yamatomichi.com/collections/all,https://fdakykmfsrsnuwnhdwmw.supabase.co/storage/v1/object/public/gear-images-processed/gear-products/manual-no-image-fill/02fcca9e-4a01-49f7-8b42-45e201873ecd.png
205e0589-4658-49ef-aa4b-50d9d415d206,山と道,Light Alpha Tights,Light Alpha Tights,,,,needs_review,https://shop.yamatomichi.com/collections/all,https://shop.yamatomichi.com/collections/all,https://fdakykmfsrsnuwnhdwmw.supabase.co/storage/v1/object/public/gear-images-processed/gear-products/manual-no-image-fill/205e0589-4658-49ef-aa4b-50d9d415d206.png
8ab9fb99-6005-4494-83a0-ee9433887f03,山と道,Merino Knit Cap,Merino Knit Cap,,,,needs_review,https://shop.yamatomichi.com/collections/all,https://shop.yamatomichi.com/collections/all,https://fdakykmfsrsnuwnhdwmw.supabase.co/storage/v1/object/public/gear-images-processed/gear-products/manual-no-image-fill/8ab9fb99-6005-4494-83a0-ee9433887f03.png
a25640e2-7108-417d-a611-415e74239ff0,山と道,Only Hood,Only Hood,,,,needs_review,https://shop.yamatomichi.com/collections/all,https://shop.yamatomichi.com/collections/all,https://fdakykmfsrsnuwnhdwmw.supabase.co/storage/v1/object/public/gear-images-processed/gear-products/manual-no-image-fill/a25640e2-7108-417d-a611-415e74239ff0.png
19aeae13-5b3b-4312-8225-22f57e0e0acd,山と道,UL Short Sleeve Shirt,UL Short Sleeve Shirt,,,,needs_review,https://shop.yamatomichi.com/collections/all,https://shop.yamatomichi.com/collections/all,https://fdakykmfsrsnuwnhdwmw.supabase.co/storage/v1/object/public/gear-images-processed/gear-products/manual-no-image-fill/19aeae13-5b3b-4312-8225-22f57e0e0acd.png
