confidence,id,brand,name_ja,model,needs_weight,needs_price,current_weight,current_price,current_status,candidate_weight_grams,candidate_msrp_jpy,source_url,identity_score,weight_snippet,price_snippet,notes
reviewable,e63a71d2-50c2-432d-ab50-4873110de482,Caravan,C1_LIGHT LOW,C1_LIGHT LOW,yes,yes,,,needs_review,,18700,https://www.caravan-web.com/p/search?keyword=C1_LIGHT%20LOW,2,,"¥ 18,700",
reviewable,e63a71d2-50c2-432d-ab50-4873110de482,Caravan,C1_LIGHT LOW,C1_LIGHT LOW,yes,yes,,,needs_review,,18700,https://www.caravan-web.com/p/search?keyword=C1_LIGHT+LOW&sort=priority,2,,"¥ 18,700",
reviewable,e63a71d2-50c2-432d-ab50-4873110de482,Caravan,C1_LIGHT LOW,C1_LIGHT LOW,yes,yes,,,needs_review,,18700,https://www.caravan-web.com/p/search?keyword=C1_LIGHT+LOW&sort=price_low,2,,"¥ 18,700",
reviewable,e63a71d2-50c2-432d-ab50-4873110de482,Caravan,C1_LIGHT LOW,C1_LIGHT LOW,yes,yes,,,needs_review,,18700,https://www.caravan-web.com/p/search?keyword=C1_LIGHT+LOW&sort=price_high,2,,"¥ 18,700",
reviewable,e63a71d2-50c2-432d-ab50-4873110de482,Caravan,C1_LIGHT LOW,C1_LIGHT LOW,yes,yes,,,needs_review,,18700,https://www.caravan-web.com/p/search?keyword=C1_LIGHT+LOW&sort=latest,2,,"¥ 18,700",
reviewable,e63a71d2-50c2-432d-ab50-4873110de482,Caravan,C1_LIGHT LOW,C1_LIGHT LOW,yes,yes,,,needs_review,365,1011,https://www.caravan-web.com/c/category/shoes/shoes-trekking/0010115,2,重量 約365g,税込 商品番号 001011,
reviewable,e2df3fd7-41a1-4765-9566-a624f19eb248,Caravan,C1_LIGHT MID,C1_LIGHT MID,yes,yes,,,needs_review,,19800,https://www.caravan-web.com/p/search?keyword=C1_LIGHT%20MID,2,,"¥ 19,800",
reviewable,e2df3fd7-41a1-4765-9566-a624f19eb248,Caravan,C1_LIGHT MID,C1_LIGHT MID,yes,yes,,,needs_review,,19800,https://www.caravan-web.com/p/search?keyword=C1_LIGHT+MID&sort=priority,2,,"¥ 19,800",
reviewable,e2df3fd7-41a1-4765-9566-a624f19eb248,Caravan,C1_LIGHT MID,C1_LIGHT MID,yes,yes,,,needs_review,,18700,https://www.caravan-web.com/p/search?keyword=C1_LIGHT+MID&sort=price_low,2,,"¥ 18,700",
reviewable,e2df3fd7-41a1-4765-9566-a624f19eb248,Caravan,C1_LIGHT MID,C1_LIGHT MID,yes,yes,,,needs_review,,19800,https://www.caravan-web.com/p/search?keyword=C1_LIGHT+MID&sort=price_high,2,,"¥ 19,800",
reviewable,e2df3fd7-41a1-4765-9566-a624f19eb248,Caravan,C1_LIGHT MID,C1_LIGHT MID,yes,yes,,,needs_review,,18700,https://www.caravan-web.com/p/search?keyword=C1_LIGHT+MID&sort=latest,2,,"¥ 18,700",
reviewable,e2df3fd7-41a1-4765-9566-a624f19eb248,Caravan,C1_LIGHT MID,C1_LIGHT MID,yes,yes,,,needs_review,395,1011,https://www.caravan-web.com/c/category/shoes/shoes-trekking/0010116,2,重量 約395g,税込 商品番号 001011,
low,5a0efa6f-4973-48d7-b9c1-fefb6f590a50,Caravan,C6_02,C6_02,yes,yes,,,needs_review,,,https://www.caravan-web.com/p/search?keyword=C6_02,0,,,
low,b6f9904e-2590-45b3-b218-fe41463ee00e,Caravan,C7_04,C7_04,yes,yes,,,needs_review,,,https://www.caravan-web.com/p/search?keyword=C7_04,0,,,
reviewable,abc4ccac-37ab-405e-94dc-b7afcd90c365,Caravan,GK26,GK26,yes,yes,,,needs_review,,25300,https://www.caravan-web.com/p/search?keyword=GK26,1,,"¥ 25,300",
reviewable,abc4ccac-37ab-405e-94dc-b7afcd90c365,Caravan,GK26,GK26,yes,yes,,,needs_review,,25300,https://www.caravan-web.com/p/search?keyword=GK26&sort=priority,1,,"¥ 25,300",
reviewable,abc4ccac-37ab-405e-94dc-b7afcd90c365,Caravan,GK26,GK26,yes,yes,,,needs_review,,25300,https://www.caravan-web.com/p/search?keyword=GK26&sort=price_low,1,,"¥ 25,300",
reviewable,abc4ccac-37ab-405e-94dc-b7afcd90c365,Caravan,GK26,GK26,yes,yes,,,needs_review,,25300,https://www.caravan-web.com/p/search?keyword=GK26&sort=price_high,1,,"¥ 25,300",
reviewable,abc4ccac-37ab-405e-94dc-b7afcd90c365,Caravan,GK26,GK26,yes,yes,,,needs_review,,25300,https://www.caravan-web.com/p/search?keyword=GK26&sort=latest,1,,"¥ 25,300",
reviewable,abc4ccac-37ab-405e-94dc-b7afcd90c365,Caravan,GK26,GK26,yes,yes,,,needs_review,495,1126,https://www.caravan-web.com/c/brand/grandking/0011260,1,重量 約495g,税込 商品番号 001126,
low,3b9c202b-899b-4f58-a2d2-d07bbd81659f,Caravan,GK83,GK83,yes,yes,,,needs_review,,,https://www.caravan-web.com/p/search?keyword=GK83,1,,,
low,af76def1-964a-44b0-a8c2-046b50e61e2f,Caravan,GK88,GK88,yes,yes,,,needs_review,,,https://www.caravan-web.com/p/search?keyword=GK88,1,,,
reviewable,3361ef18-e99e-4679-b57c-7900fa399802,Caravan,KR_3XF,KR_3XF,yes,yes,,,needs_review,,19800,https://www.caravan-web.com/p/search?keyword=KR_3XF,1,,"¥ 19,800",
reviewable,3361ef18-e99e-4679-b57c-7900fa399802,Caravan,KR_3XF,KR_3XF,yes,yes,,,needs_review,,19800,https://www.caravan-web.com/p/search?keyword=KR_3XF&sort=priority,1,,"¥ 19,800",
reviewable,3361ef18-e99e-4679-b57c-7900fa399802,Caravan,KR_3XF,KR_3XF,yes,yes,,,needs_review,,9900,https://www.caravan-web.com/p/search?keyword=KR_3XF&sort=price_low,1,,"¥ 9,900",
reviewable,3361ef18-e99e-4679-b57c-7900fa399802,Caravan,KR_3XF,KR_3XF,yes,yes,,,needs_review,,19800,https://www.caravan-web.com/p/search?keyword=KR_3XF&sort=price_high,1,,"¥ 19,800",
reviewable,3361ef18-e99e-4679-b57c-7900fa399802,Caravan,KR_3XF,KR_3XF,yes,yes,,,needs_review,,9900,https://www.caravan-web.com/p/search?keyword=KR_3XF&sort=latest,1,,"¥ 9,900",
reviewable,3361ef18-e99e-4679-b57c-7900fa399802,Caravan,KR_3XF,KR_3XF,yes,yes,,,needs_review,385,3501,https://www.caravan-web.com/c/brand/keiryu/0035019,1,重量 約385g,税込 商品番号 003501,
reviewable,a14ea884-670d-45fc-b649-6c3c2cdb3793,Caravan,KR_3XR,KR_3XR,yes,yes,,,needs_review,,22000,https://www.caravan-web.com/p/search?keyword=KR_3XR,1,,"¥ 22,000",
reviewable,a14ea884-670d-45fc-b649-6c3c2cdb3793,Caravan,KR_3XR,KR_3XR,yes,yes,,,needs_review,,22000,https://www.caravan-web.com/p/search?keyword=KR_3XR&sort=priority,1,,"¥ 22,000",
reviewable,a14ea884-670d-45fc-b649-6c3c2cdb3793,Caravan,KR_3XR,KR_3XR,yes,yes,,,needs_review,,22000,https://www.caravan-web.com/p/search?keyword=KR_3XR&sort=price_low,1,,"¥ 22,000",
reviewable,a14ea884-670d-45fc-b649-6c3c2cdb3793,Caravan,KR_3XR,KR_3XR,yes,yes,,,needs_review,,22000,https://www.caravan-web.com/p/search?keyword=KR_3XR&sort=price_high,1,,"¥ 22,000",
reviewable,a14ea884-670d-45fc-b649-6c3c2cdb3793,Caravan,KR_3XR,KR_3XR,yes,yes,,,needs_review,,22000,https://www.caravan-web.com/p/search?keyword=KR_3XR&sort=latest,1,,"¥ 22,000",
reviewable,a14ea884-670d-45fc-b649-6c3c2cdb3793,Caravan,KR_3XR,KR_3XR,yes,yes,,,needs_review,428,3502,https://www.caravan-web.com/c/brand/keiryu/0035021,1,重量 約428g,税込 商品番号 003502,
low,68cc5d81-fcd8-45ba-9754-cfd2fbaccb09,Caravan,渓流 KR_3XFW,渓流 KR_3XFW,yes,yes,,,needs_review,,,https://www.caravan-web.com/p/search?keyword=%E6%B8%93%E6%B5%81%20KR_3XFW,1,,,
low,300a90e0-7002-417e-9adf-56e545374915,finetrack,エバーブレスフォトンジャケット,エバーブレスフォトンジャケット,yes,yes,,,needs_review,,,https://www.finetrack.com/?s=%E3%82%A8%E3%83%90%E3%83%BC%E3%83%96%E3%83%AC%E3%82%B9%E3%83%95%E3%82%A9%E3%83%88%E3%83%B3%E3%82%B8%E3%83%A3%E3%82%B1%E3%83%83%E3%83%88,0,,,
low,300a90e0-7002-417e-9adf-56e545374915,finetrack,エバーブレスフォトンジャケット,エバーブレスフォトンジャケット,yes,yes,,,needs_review,,,https://www.finetrack.com/products/?s=%E3%82%A8%E3%83%90%E3%83%BC%E3%83%96%E3%83%AC%E3%82%B9%E3%83%95%E3%82%A9%E3%83%88%E3%83%B3%E3%82%B8%E3%83%A3%E3%82%B1%E3%83%83%E3%83%88,0,,,
low,32adc51e-9fbe-4a77-8869-2266f40e5692,finetrack,カミナドーム1,カミナドーム1,,yes,1130,,verified,1280,,https://www.finetrack.com/products/kamina-dome/,0,"重量は1,280g",,
low,32adc51e-9fbe-4a77-8869-2266f40e5692,finetrack,カミナドーム1,カミナドーム1,,yes,1130,,verified,,,https://www.finetrack.com/?s=%E3%82%AB%E3%83%9F%E3%83%8A%E3%83%89%E3%83%BC%E3%83%A01,0,,,
low,32adc51e-9fbe-4a77-8869-2266f40e5692,finetrack,カミナドーム1,カミナドーム1,,yes,1130,,verified,,,https://www.finetrack.com/products/?s=%E3%82%AB%E3%83%9F%E3%83%8A%E3%83%89%E3%83%BC%E3%83%A01,0,,,
low,3f3203d3-276c-4917-a771-d9cb5f03eb7c,finetrack,カミナドーム1 フットプリント,カミナドーム1 フットプリント,yes,yes,,,needs_review,1280,,https://www.finetrack.com/products/kamina-dome/,0,"重量は1,280g",,
low,3f3203d3-276c-4917-a771-d9cb5f03eb7c,finetrack,カミナドーム1 フットプリント,カミナドーム1 フットプリント,yes,yes,,,needs_review,,,https://www.finetrack.com/?s=%E3%82%AB%E3%83%9F%E3%83%8A%E3%83%89%E3%83%BC%E3%83%A01%20%E3%83%95%E3%83%83%E3%83%88%E3%83%97%E3%83%AA%E3%83%B3%E3%83%88,0,,,
low,3f3203d3-276c-4917-a771-d9cb5f03eb7c,finetrack,カミナドーム1 フットプリント,カミナドーム1 フットプリント,yes,yes,,,needs_review,,,https://www.finetrack.com/products/?s=%E3%82%AB%E3%83%9F%E3%83%8A%E3%83%89%E3%83%BC%E3%83%A01%20%E3%83%95%E3%83%83%E3%83%88%E3%83%97%E3%83%AA%E3%83%B3%E3%83%88,0,,,
reviewable,2e1ddc3a-da38-4e7c-8945-3a636f0e328a,finetrack,カミナドーム2,カミナドーム2,,yes,1310,,verified,1280,,https://www.finetrack.com/products/kamina-dome/,1,"重量は1,280g",,
low,2e1ddc3a-da38-4e7c-8945-3a636f0e328a,finetrack,カミナドーム2,カミナドーム2,,yes,1310,,verified,,,https://www.finetrack.com/?s=%E3%82%AB%E3%83%9F%E3%83%8A%E3%83%89%E3%83%BC%E3%83%A02,0,,,
low,2e1ddc3a-da38-4e7c-8945-3a636f0e328a,finetrack,カミナドーム2,カミナドーム2,,yes,1310,,verified,,,https://www.finetrack.com/products/?s=%E3%82%AB%E3%83%9F%E3%83%8A%E3%83%89%E3%83%BC%E3%83%A02,0,,,
reviewable,43c8e4d8-9c22-4447-8367-f07735769962,finetrack,カミナドーム2 フットプリント,カミナドーム2 フットプリント,yes,yes,,,needs_review,1280,,https://www.finetrack.com/products/kamina-dome/,1,"重量は1,280g",,
low,43c8e4d8-9c22-4447-8367-f07735769962,finetrack,カミナドーム2 フットプリント,カミナドーム2 フットプリント,yes,yes,,,needs_review,,,https://www.finetrack.com/?s=%E3%82%AB%E3%83%9F%E3%83%8A%E3%83%89%E3%83%BC%E3%83%A02%20%E3%83%95%E3%83%83%E3%83%88%E3%83%97%E3%83%AA%E3%83%B3%E3%83%88,0,,,
low,43c8e4d8-9c22-4447-8367-f07735769962,finetrack,カミナドーム2 フットプリント,カミナドーム2 フットプリント,yes,yes,,,needs_review,,,https://www.finetrack.com/products/?s=%E3%82%AB%E3%83%9F%E3%83%8A%E3%83%89%E3%83%BC%E3%83%A02%20%E3%83%95%E3%83%83%E3%83%88%E3%83%97%E3%83%AA%E3%83%B3%E3%83%88,0,,,
low,48b8f3a1-b189-4e0c-8302-04e667cf9010,finetrack,カミナドーム4,カミナドーム4,,yes,1860,,verified,1280,,https://www.finetrack.com/products/kamina-dome/,0,"重量は1,280g",,
low,48b8f3a1-b189-4e0c-8302-04e667cf9010,finetrack,カミナドーム4,カミナドーム4,,yes,1860,,verified,,,https://www.finetrack.com/?s=%E3%82%AB%E3%83%9F%E3%83%8A%E3%83%89%E3%83%BC%E3%83%A04,0,,,
low,48b8f3a1-b189-4e0c-8302-04e667cf9010,finetrack,カミナドーム4,カミナドーム4,,yes,1860,,verified,,,https://www.finetrack.com/products/?s=%E3%82%AB%E3%83%9F%E3%83%8A%E3%83%89%E3%83%BC%E3%83%A04,0,,,
low,19837f12-fc7a-4f4d-abc5-72d961c8a36d,finetrack,カミナモノポール1,カミナモノポール1,,yes,890,,verified,800,,https://www.finetrack.com/products/kamina-monopole/,0,重量・サイズ一覧 基本の設営手順 開発の背景 特長 features そんな人におすすめしたい、 新たなテントの選択肢 一人用で800g,,
low,19837f12-fc7a-4f4d-abc5-72d961c8a36d,finetrack,カミナモノポール1,カミナモノポール1,,yes,890,,verified,,,https://www.finetrack.com/?s=%E3%82%AB%E3%83%9F%E3%83%8A%E3%83%A2%E3%83%8E%E3%83%9D%E3%83%BC%E3%83%AB1,0,,,
low,19837f12-fc7a-4f4d-abc5-72d961c8a36d,finetrack,カミナモノポール1,カミナモノポール1,,yes,890,,verified,,,https://www.finetrack.com/products/?s=%E3%82%AB%E3%83%9F%E3%83%8A%E3%83%A2%E3%83%8E%E3%83%9D%E3%83%BC%E3%83%AB1,0,,,
low,bce09673-644a-4b49-baf0-ef6b5e962642,finetrack,カミナモノポール2,カミナモノポール2,,yes,990,,verified,800,,https://www.finetrack.com/products/kamina-monopole/,0,重量・サイズ一覧 基本の設営手順 開発の背景 特長 features そんな人におすすめしたい、 新たなテントの選択肢 一人用で800g,,
low,bce09673-644a-4b49-baf0-ef6b5e962642,finetrack,カミナモノポール2,カミナモノポール2,,yes,990,,verified,,,https://www.finetrack.com/?s=%E3%82%AB%E3%83%9F%E3%83%8A%E3%83%A2%E3%83%8E%E3%83%9D%E3%83%BC%E3%83%AB2,0,,,
low,bce09673-644a-4b49-baf0-ef6b5e962642,finetrack,カミナモノポール2,カミナモノポール2,,yes,990,,verified,,,https://www.finetrack.com/products/?s=%E3%82%AB%E3%83%9F%E3%83%8A%E3%83%A2%E3%83%8E%E3%83%9D%E3%83%BC%E3%83%AB2,0,,,
low,aad89d40-b629-42df-9083-a82e70fc199c,finetrack,カミノパンツ,カミノパンツ,yes,yes,,,needs_review,,,https://www.finetrack.com/?s=%E3%82%AB%E3%83%9F%E3%83%8E%E3%83%91%E3%83%B3%E3%83%84,0,,,
low,aad89d40-b629-42df-9083-a82e70fc199c,finetrack,カミノパンツ,カミノパンツ,yes,yes,,,needs_review,,,https://www.finetrack.com/products/?s=%E3%82%AB%E3%83%9F%E3%83%8E%E3%83%91%E3%83%B3%E3%83%84,0,,,
reviewable,92e9d564-5071-4557-a807-0e5c21c7f9ea,finetrack,ゴージュタープ,ゴージュタープ,,yes,455,,verified,300,,https://www.finetrack.com/products/gorge-tarp/,1,重量：300g,,
reviewable,92e9d564-5071-4557-a807-0e5c21c7f9ea,finetrack,ゴージュタープ,ゴージュタープ,,yes,455,,verified,300,,https://www.finetrack.com/products/gorge-tarp,1,重量：300g,,
low,92e9d564-5071-4557-a807-0e5c21c7f9ea,finetrack,ゴージュタープ,ゴージュタープ,,yes,455,,verified,,,https://www.finetrack.com/?s=%E3%82%B4%E3%83%BC%E3%82%B8%E3%83%A5%E3%82%BF%E3%83%BC%E3%83%97,0,,,
low,92e9d564-5071-4557-a807-0e5c21c7f9ea,finetrack,ゴージュタープ,ゴージュタープ,,yes,455,,verified,,,https://www.finetrack.com/products/?s=%E3%82%B4%E3%83%BC%E3%82%B8%E3%83%A5%E3%82%BF%E3%83%BC%E3%83%97,0,,,
reviewable,127d46dd-40ca-4f33-8248-15a702950190,finetrack,ゴージュタープミニ,ゴージュタープミニ,,yes,300,,verified,300,,https://www.finetrack.com/products/gorge-tarp/,1,重量：300g,,
low,127d46dd-40ca-4f33-8248-15a702950190,finetrack,ゴージュタープミニ,ゴージュタープミニ,,yes,300,,verified,,,https://www.finetrack.com/?s=%E3%82%B4%E3%83%BC%E3%82%B8%E3%83%A5%E3%82%BF%E3%83%BC%E3%83%97%E3%83%9F%E3%83%8B,0,,,
low,127d46dd-40ca-4f33-8248-15a702950190,finetrack,ゴージュタープミニ,ゴージュタープミニ,,yes,300,,verified,,,https://www.finetrack.com/products/?s=%E3%82%B4%E3%83%BC%E3%82%B8%E3%83%A5%E3%82%BF%E3%83%BC%E3%83%97%E3%83%9F%E3%83%8B,0,,,
low,1046a172-2d21-4004-96bd-228b8209e991,finetrack,ツエルト1,ツエルト1,,yes,230,,verified,,,https://www.finetrack.com/products/zelt/zelt1/,1,,,
low,1046a172-2d21-4004-96bd-228b8209e991,finetrack,ツエルト1,ツエルト1,,yes,230,,verified,,,https://www.finetrack.com/?s=%E3%83%84%E3%82%A8%E3%83%AB%E3%83%881,0,,,
low,1046a172-2d21-4004-96bd-228b8209e991,finetrack,ツエルト1,ツエルト1,,yes,230,,verified,,,https://www.finetrack.com/products/?s=%E3%83%84%E3%82%A8%E3%83%AB%E3%83%881,0,,,
low,8f69e196-c1bf-4d5a-98b9-82302f7246b4,finetrack,ツエルト2,ツエルト2,yes,yes,,,needs_review,,,https://www.finetrack.com/products/zelt/,1,,,
low,8f69e196-c1bf-4d5a-98b9-82302f7246b4,finetrack,ツエルト2,ツエルト2,yes,yes,,,needs_review,,,https://www.finetrack.com/?s=%E3%83%84%E3%82%A8%E3%83%AB%E3%83%882,0,,,
low,8f69e196-c1bf-4d5a-98b9-82302f7246b4,finetrack,ツエルト2,ツエルト2,yes,yes,,,needs_review,,,https://www.finetrack.com/products/?s=%E3%83%84%E3%82%A8%E3%83%AB%E3%83%882,0,,,
low,ad0ea239-891d-4f0c-a49f-39c3172d804c,finetrack,ツエルト2ロング,ツエルト2ロング,,yes,240,,verified,,,https://www.finetrack.com/products/zelt/zelt2long/,1,,,
low,ad0ea239-891d-4f0c-a49f-39c3172d804c,finetrack,ツエルト2ロング,ツエルト2ロング,,yes,240,,verified,,,https://www.finetrack.com/?s=%E3%83%84%E3%82%A8%E3%83%AB%E3%83%882%E3%83%AD%E3%83%B3%E3%82%B0,0,,,
low,ad0ea239-891d-4f0c-a49f-39c3172d804c,finetrack,ツエルト2ロング,ツエルト2ロング,,yes,240,,verified,,,https://www.finetrack.com/products/?s=%E3%83%84%E3%82%A8%E3%83%AB%E3%83%882%E3%83%AD%E3%83%B3%E3%82%B0,0,,,
low,1913537e-b401-43d3-813f-067978a23204,finetrack,ドライレイヤーウォームロングスリーブ,ドライレイヤーウォームロングスリーブ,yes,yes,,,needs_review,,,https://www.finetrack.com/?s=%E3%83%89%E3%83%A9%E3%82%A4%E3%83%AC%E3%82%A4%E3%83%A4%E3%83%BC%E3%82%A6%E3%82%A9%E3%83%BC%E3%83%A0%E3%83%AD%E3%83%B3%E3%82%B0%E3%82%B9%E3%83%AA%E3%83%BC%E3%83%96,0,,,
low,1913537e-b401-43d3-813f-067978a23204,finetrack,ドライレイヤーウォームロングスリーブ,ドライレイヤーウォームロングスリーブ,yes,yes,,,needs_review,,,https://www.finetrack.com/products/?s=%E3%83%89%E3%83%A9%E3%82%A4%E3%83%AC%E3%82%A4%E3%83%A4%E3%83%BC%E3%82%A6%E3%82%A9%E3%83%BC%E3%83%A0%E3%83%AD%E3%83%B3%E3%82%B0%E3%82%B9%E3%83%AA%E3%83%BC%E3%83%96,0,,,
low,4dc304b2-f571-4279-9f4d-4ca8f8482206,finetrack,ドライレイヤークールT,ドライレイヤークールT,yes,yes,,,needs_review,,,https://www.finetrack.com/?s=%E3%83%89%E3%83%A9%E3%82%A4%E3%83%AC%E3%82%A4%E3%83%A4%E3%83%BC%E3%82%AF%E3%83%BC%E3%83%ABT,0,,,
low,4dc304b2-f571-4279-9f4d-4ca8f8482206,finetrack,ドライレイヤークールT,ドライレイヤークールT,yes,yes,,,needs_review,,,https://www.finetrack.com/products/?s=%E3%83%89%E3%83%A9%E3%82%A4%E3%83%AC%E3%82%A4%E3%83%A4%E3%83%BC%E3%82%AF%E3%83%BC%E3%83%ABT,0,,,
low,ee7362cb-6b6e-4346-b188-5ff9fb9a12aa,finetrack,ドライレイヤーベーシックT,ドライレイヤーベーシックT,yes,yes,,,needs_review,,,https://www.finetrack.com/?s=%E3%83%89%E3%83%A9%E3%82%A4%E3%83%AC%E3%82%A4%E3%83%A4%E3%83%BC%E3%83%99%E3%83%BC%E3%82%B7%E3%83%83%E3%82%AFT,0,,,
low,ee7362cb-6b6e-4346-b188-5ff9fb9a12aa,finetrack,ドライレイヤーベーシックT,ドライレイヤーベーシックT,yes,yes,,,needs_review,,,https://www.finetrack.com/products/?s=%E3%83%89%E3%83%A9%E3%82%A4%E3%83%AC%E3%82%A4%E3%83%A4%E3%83%BC%E3%83%99%E3%83%BC%E3%82%B7%E3%83%83%E3%82%AFT,0,,,
low,5aa633fb-eeb6-479e-ab23-f02d63eaf45f,finetrack,ドラウトクロージャケット,ドラウトクロージャケット,yes,yes,,,needs_review,,,https://www.finetrack.com/?s=%E3%83%89%E3%83%A9%E3%82%A6%E3%83%88%E3%82%AF%E3%83%AD%E3%83%BC%E3%82%B8%E3%83%A3%E3%82%B1%E3%83%83%E3%83%88,0,,,
low,5aa633fb-eeb6-479e-ab23-f02d63eaf45f,finetrack,ドラウトクロージャケット,ドラウトクロージャケット,yes,yes,,,needs_review,,,https://www.finetrack.com/products/?s=%E3%83%89%E3%83%A9%E3%82%A6%E3%83%88%E3%82%AF%E3%83%AD%E3%83%BC%E3%82%B8%E3%83%A3%E3%82%B1%E3%83%83%E3%83%88,0,,,
low,41fcf17c-c717-41ce-8e75-9847e6eb59e3,finetrack,ナノタオル,ナノタオル,yes,yes,,,needs_review,,,https://www.finetrack.com/?s=%E3%83%8A%E3%83%8E%E3%82%BF%E3%82%AA%E3%83%AB,0,,,
low,41fcf17c-c717-41ce-8e75-9847e6eb59e3,finetrack,ナノタオル,ナノタオル,yes,yes,,,needs_review,,,https://www.finetrack.com/products/?s=%E3%83%8A%E3%83%8E%E3%82%BF%E3%82%AA%E3%83%AB,0,,,
low,a32a825c-0ad6-4a05-9459-12c2ba87a1d5,finetrack,ピコシェルター,ピコシェルター,,yes,120,,verified,,,https://www.finetrack.com/products/zelt/picoshelter/,1,,,
low,a32a825c-0ad6-4a05-9459-12c2ba87a1d5,finetrack,ピコシェルター,ピコシェルター,,yes,120,,verified,,,https://www.finetrack.com/?s=%E3%83%94%E3%82%B3%E3%82%B7%E3%82%A7%E3%83%AB%E3%82%BF%E3%83%BC,0,,,
low,a32a825c-0ad6-4a05-9459-12c2ba87a1d5,finetrack,ピコシェルター,ピコシェルター,,yes,120,,verified,,,https://www.finetrack.com/products/?s=%E3%83%94%E3%82%B3%E3%82%B7%E3%82%A7%E3%83%AB%E3%82%BF%E3%83%BC,0,,,
low,4bac0e06-ae46-4785-80ff-99a63d5ad019,finetrack,フロウラップフーディ,フロウラップフーディ,yes,yes,,,needs_review,,,https://www.finetrack.com/?s=%E3%83%95%E3%83%AD%E3%82%A6%E3%83%A9%E3%83%83%E3%83%97%E3%83%95%E3%83%BC%E3%83%87%E3%82%A3,0,,,
low,4bac0e06-ae46-4785-80ff-99a63d5ad019,finetrack,フロウラップフーディ,フロウラップフーディ,yes,yes,,,needs_review,,,https://www.finetrack.com/products/?s=%E3%83%95%E3%83%AD%E3%82%A6%E3%83%A9%E3%83%83%E3%83%97%E3%83%95%E3%83%BC%E3%83%87%E3%82%A3,0,,,
low,fd09b5b1-89ee-430a-92d8-c20878c41619,finetrack,ポリゴンULジャケット,ポリゴンULジャケット,yes,yes,,,needs_review,,,https://www.finetrack.com/?s=%E3%83%9D%E3%83%AA%E3%82%B4%E3%83%B3UL%E3%82%B8%E3%83%A3%E3%82%B1%E3%83%83%E3%83%88,0,,,
low,fd09b5b1-89ee-430a-92d8-c20878c41619,finetrack,ポリゴンULジャケット,ポリゴンULジャケット,yes,yes,,,needs_review,,,https://www.finetrack.com/products/?s=%E3%83%9D%E3%83%AA%E3%82%B4%E3%83%B3UL%E3%82%B8%E3%83%A3%E3%82%B1%E3%83%83%E3%83%88,0,,,
low,881863eb-43ee-4b69-a686-cafd2496084c,finetrack,メリノスピンライトロングスリーブ,メリノスピンライトロングスリーブ,yes,yes,,,needs_review,,,https://www.finetrack.com/?s=%E3%83%A1%E3%83%AA%E3%83%8E%E3%82%B9%E3%83%94%E3%83%B3%E3%83%A9%E3%82%A4%E3%83%88%E3%83%AD%E3%83%B3%E3%82%B0%E3%82%B9%E3%83%AA%E3%83%BC%E3%83%96,0,,,
low,881863eb-43ee-4b69-a686-cafd2496084c,finetrack,メリノスピンライトロングスリーブ,メリノスピンライトロングスリーブ,yes,yes,,,needs_review,,,https://www.finetrack.com/products/?s=%E3%83%A1%E3%83%AA%E3%83%8E%E3%82%B9%E3%83%94%E3%83%B3%E3%83%A9%E3%82%A4%E3%83%88%E3%83%AD%E3%83%B3%E3%82%B0%E3%82%B9%E3%83%AA%E3%83%BC%E3%83%96,0,,,
low,7920db57-54b5-47f7-ab93-d1d2c5e26350,Garmin,eTrex SE,eTrex SE,,yes,157,,verified,,,https://www.garmin.com/en-US/p/835742/pn/010-02734-00/,1,,,
low,9a967ad9-306f-4552-8bf3-cdf5e8f2f351,Nalgene,32oz Wide Mouth Bottle,32oz Wide Mouth Bottle,,yes,177,,verified,,,https://nalgene.com/product/32oz-wide-mouth-bottle/,4,,,
low,9a967ad9-306f-4552-8bf3-cdf5e8f2f351,Nalgene,32oz Wide Mouth Bottle,32oz Wide Mouth Bottle,,yes,177,,verified,,,https://nalgene.com/product-category/bottles/,4,,,
low,9a967ad9-306f-4552-8bf3-cdf5e8f2f351,Nalgene,32oz Wide Mouth Bottle,32oz Wide Mouth Bottle,,yes,177,,verified,,,https://nalgene.com/water-bottles/wide-mouth/,4,,,
low,9a967ad9-306f-4552-8bf3-cdf5e8f2f351,Nalgene,32oz Wide Mouth Bottle,32oz Wide Mouth Bottle,,yes,177,,verified,,,https://nalgene.com/water-bottles/narrow-mouth/,4,,,
low,9a967ad9-306f-4552-8bf3-cdf5e8f2f351,Nalgene,32oz Wide Mouth Bottle,32oz Wide Mouth Bottle,,yes,177,,verified,,,https://nalgene.com/water-bottles/lock-top/,4,,,
reviewable,051f4953-46c6-41a5-a3e2-014921e1bdf0,Osprey,エイジャ48,エイジャ48,yes,yes,,,needs_review,,5000,https://www.lostarrow.co.jp/store/goods/search.aspx?search=x&keyword=%E3%82%A8%E3%82%A4%E3%82%B8%E3%83%A348,1,,税込） ※ 5000円,https://www.osprey.com/search?q=%E3%82%A8%E3%82%A4%E3%82%B8%E3%83%A348:http_403
reviewable,051f4953-46c6-41a5-a3e2-014921e1bdf0,Osprey,エイジャ48,エイジャ48,yes,yes,,,needs_review,1210,5000,https://www.lostarrow.co.jp/store/g/gOS50339002004/,1,重量 WXS/S=1.21kg,税込） ※ 5000円,https://www.osprey.com/search?q=%E3%82%A8%E3%82%A4%E3%82%B8%E3%83%A348:http_403
reviewable,37c98422-7c0a-40a7-ad77-1d3fb851a4c3,Osprey,エクソス48,エクソス48,yes,yes,,,needs_review,,5000,https://www.lostarrow.co.jp/store/goods/search.aspx?search=x&keyword=%E3%82%A8%E3%82%AF%E3%82%BD%E3%82%B948,1,,税込） ※ 5000円,https://www.osprey.com/search?q=%E3%82%A8%E3%82%AF%E3%82%BD%E3%82%B948:http_403
reviewable,37c98422-7c0a-40a7-ad77-1d3fb851a4c3,Osprey,エクソス48,エクソス48,yes,yes,,,needs_review,1260,5000,https://www.lostarrow.co.jp/store/g/gOS50327002004/,1,重量 S/M=1.26kg,税込） ※ 5000円,https://www.osprey.com/search?q=%E3%82%A8%E3%82%AF%E3%82%BD%E3%82%B948:http_403
reviewable,67bcabfe-d1b9-446c-97a2-a06cb01680f6,Osprey,シラス26,シラス26,yes,yes,,,needs_review,,31900,https://www.lostarrow.co.jp/store/goods/search.aspx?search=x&keyword=%E3%82%B7%E3%83%A9%E3%82%B926,1,,"価格 ￥31,900 ",https://www.osprey.com/search?q=%E3%82%B7%E3%83%A9%E3%82%B926:http_403
reviewable,67bcabfe-d1b9-446c-97a2-a06cb01680f6,Osprey,シラス26,シラス26,yes,yes,,,needs_review,1380,31900,https://www.lostarrow.co.jp/store/g/gOS50317005001/,1,重量 1.38kg,"価格 ￥31,900 ",https://www.osprey.com/search?q=%E3%82%B7%E3%83%A9%E3%82%B926:http_403
reviewable,dbf2bf2d-b58b-491e-9cd0-d8e94a204adf,Osprey,シラス36,シラス36,yes,yes,,,needs_review,,37400,https://www.lostarrow.co.jp/store/goods/search.aspx?search=x&keyword=%E3%82%B7%E3%83%A9%E3%82%B936,1,,"価格 ￥37,400 ",https://www.osprey.com/search?q=%E3%82%B7%E3%83%A9%E3%82%B936:http_403
reviewable,dbf2bf2d-b58b-491e-9cd0-d8e94a204adf,Osprey,シラス36,シラス36,yes,yes,,,needs_review,1430,37400,https://www.lostarrow.co.jp/store/g/gOS50315004001/,1,重量 1.43kg,"価格 ￥37,400 ",https://www.osprey.com/search?q=%E3%82%B7%E3%83%A9%E3%82%B936:http_403
reviewable,dbf2bf2d-b58b-491e-9cd0-d8e94a204adf,Osprey,シラス36,シラス36,yes,yes,,,needs_review,1490,5000,https://www.lostarrow.co.jp/store/g/gOS50372001/,1,重量 1.49kg,税込） ※ 5000円,https://www.osprey.com/search?q=%E3%82%B7%E3%83%A9%E3%82%B936:http_403
reviewable,b4acc449-411f-4961-b963-35f699ccd04d,Osprey,ストラトス26,ストラトス26,yes,yes,,,needs_review,,31900,https://www.lostarrow.co.jp/store/goods/search.aspx?search=x&keyword=%E3%82%B9%E3%83%88%E3%83%A9%E3%83%88%E3%82%B926,1,,"価格 ￥31,900 ",https://www.osprey.com/search?q=%E3%82%B9%E3%83%88%E3%83%A9%E3%83%88%E3%82%B926:http_403
reviewable,b4acc449-411f-4961-b963-35f699ccd04d,Osprey,ストラトス26,ストラトス26,yes,yes,,,needs_review,1260,31900,https://www.lostarrow.co.jp/store/g/gOS50308002001/,1,重量 1.26kg,"価格 ￥31,900 ",https://www.osprey.com/search?q=%E3%82%B9%E3%83%88%E3%83%A9%E3%83%88%E3%82%B926:http_403
reviewable,2482747c-0ad2-4340-ad78-8a4dfda93fab,Osprey,ストラトス36,ストラトス36,yes,yes,,,needs_review,,37400,https://www.lostarrow.co.jp/store/goods/search.aspx?search=x&keyword=%E3%82%B9%E3%83%88%E3%83%A9%E3%83%88%E3%82%B936,1,,"価格 ￥37,400 ",https://www.osprey.com/search?q=%E3%82%B9%E3%83%88%E3%83%A9%E3%83%88%E3%82%B936:http_403
reviewable,2482747c-0ad2-4340-ad78-8a4dfda93fab,Osprey,ストラトス36,ストラトス36,yes,yes,,,needs_review,1480,37400,https://www.lostarrow.co.jp/store/g/gOS50306001001/,1,重量 1.48kg,"価格 ￥37,400 ",https://www.osprey.com/search?q=%E3%82%B9%E3%83%88%E3%83%A9%E3%83%88%E3%82%B936:http_403
reviewable,2482747c-0ad2-4340-ad78-8a4dfda93fab,Osprey,ストラトス36,ストラトス36,yes,yes,,,needs_review,1550,5000,https://www.lostarrow.co.jp/store/g/gOS50368001/,1,重量 1.55kg,税込） ※ 5000円,https://www.osprey.com/search?q=%E3%82%B9%E3%83%88%E3%83%A9%E3%83%88%E3%82%B936:http_403
reviewable,a83d6c2d-f8d9-4db3-99be-363286c9118e,Osprey,タロン22,タロン22,yes,yes,,,needs_review,,5000,https://www.lostarrow.co.jp/store/goods/search.aspx?search=x&keyword=%E3%82%BF%E3%83%AD%E3%83%B322,1,,税込） ※ 5000円,https://www.osprey.com/search?q=%E3%82%BF%E3%83%AD%E3%83%B322:http_403
reviewable,a83d6c2d-f8d9-4db3-99be-363286c9118e,Osprey,タロン22,タロン22,yes,yes,,,needs_review,1080,5000,https://www.lostarrow.co.jp/store/g/gOS52466001001/,1,重量 1.08kg,税込） ※ 5000円,https://www.osprey.com/search?q=%E3%82%BF%E3%83%AD%E3%83%B322:http_403
reviewable,80cf8698-ebce-40e5-acb3-1e9de5f2eb88,Osprey,タロン33,タロン33,yes,yes,,,needs_review,,5000,https://www.lostarrow.co.jp/store/goods/search.aspx?search=x&keyword=%E3%82%BF%E3%83%AD%E3%83%B333,1,,税込） ※ 5000円,https://www.osprey.com/search?q=%E3%82%BF%E3%83%AD%E3%83%B333:http_403
reviewable,80cf8698-ebce-40e5-acb3-1e9de5f2eb88,Osprey,タロン33,タロン33,yes,yes,,,needs_review,1260,5000,https://www.lostarrow.co.jp/store/g/gOS52464001001/,1,重量 1.26kg,税込） ※ 5000円,https://www.osprey.com/search?q=%E3%82%BF%E3%83%AD%E3%83%B333:http_403
reviewable,da2e977d-06c2-4e27-a6c1-347b78301729,Osprey,タロン44,タロン44,yes,yes,,,needs_review,,33000,https://www.lostarrow.co.jp/store/goods/search.aspx?search=x&keyword=%E3%82%BF%E3%83%AD%E3%83%B344,1,,"価格 ￥33,000 ",https://www.osprey.com/search?q=%E3%82%BF%E3%83%AD%E3%83%B344:http_403
reviewable,da2e977d-06c2-4e27-a6c1-347b78301729,Osprey,タロン44,タロン44,yes,yes,,,needs_review,1570,5000,https://www.lostarrow.co.jp/store/g/gOS52463001004/,1,重量 S/M=1.57kg,税込） ※ 5000円,https://www.osprey.com/search?q=%E3%82%BF%E3%83%AD%E3%83%B344:http_403
reviewable,da2e977d-06c2-4e27-a6c1-347b78301729,Osprey,タロン44,タロン44,yes,yes,,,needs_review,1340,33000,https://www.lostarrow.co.jp/store/g/gOS50234002006/,1,重量 S/M=1.34kg,"価格 ￥33,000 ",https://www.osprey.com/search?q=%E3%82%BF%E3%83%AD%E3%83%B344:http_403
reviewable,ff587634-a79c-41a2-a67a-42f364876141,Osprey,テンペスト20,テンペスト20,yes,yes,,,needs_review,,5000,https://www.lostarrow.co.jp/store/goods/search.aspx?search=x&keyword=%E3%83%86%E3%83%B3%E3%83%9A%E3%82%B9%E3%83%8820,1,,税込） ※ 5000円,https://www.osprey.com/search?q=%E3%83%86%E3%83%B3%E3%83%9A%E3%82%B9%E3%83%8820:http_403
reviewable,eb6b591a-2d19-418e-90fd-cdd3b2be88a6,Osprey,テンペスト30,テンペスト30,yes,yes,,,needs_review,,5000,https://www.lostarrow.co.jp/store/goods/search.aspx?search=x&keyword=%E3%83%86%E3%83%B3%E3%83%9A%E3%82%B9%E3%83%8830,1,,税込） ※ 5000円,https://www.osprey.com/search?q=%E3%83%86%E3%83%B3%E3%83%9A%E3%82%B9%E3%83%8830:http_403
reviewable,6bcb12d2-0210-49a8-80b3-cd48e056079d,Osprey,ハイクライト18,ハイクライト18,yes,yes,,,needs_review,,16500,https://www.lostarrow.co.jp/store/goods/search.aspx?search=x&keyword=%E3%83%8F%E3%82%A4%E3%82%AF%E3%83%A9%E3%82%A4%E3%83%8818,1,,"価格 ￥16,500 ",https://www.osprey.com/search?q=%E3%83%8F%E3%82%A4%E3%82%AF%E3%83%A9%E3%82%A4%E3%83%8818:http_403
reviewable,6bcb12d2-0210-49a8-80b3-cd48e056079d,Osprey,ハイクライト18,ハイクライト18,yes,yes,,,needs_review,680,16500,https://www.lostarrow.co.jp/store/g/gOS5719301004/,1,重量 0.68kg,"価格 ￥16,500 ",https://www.osprey.com/search?q=%E3%83%8F%E3%82%A4%E3%82%AF%E3%83%A9%E3%82%A4%E3%83%8818:http_403
reviewable,6bcb12d2-0210-49a8-80b3-cd48e056079d,Osprey,ハイクライト18,ハイクライト18,yes,yes,,,needs_review,730,5000,https://www.lostarrow.co.jp/store/g/gOS57223001/,1,重量 0.73kg,税込） ※ 5000円,https://www.osprey.com/search?q=%E3%83%8F%E3%82%A4%E3%82%AF%E3%83%A9%E3%82%A4%E3%83%8818:http_403
reviewable,e54ceec4-8179-4c97-93a0-76beaa25ed4f,Osprey,ハイクライト26,ハイクライト26,yes,yes,,,needs_review,,19800,https://www.lostarrow.co.jp/store/goods/search.aspx?search=x&keyword=%E3%83%8F%E3%82%A4%E3%82%AF%E3%83%A9%E3%82%A4%E3%83%8826,1,,"価格 ￥19,800 ",https://www.osprey.com/search?q=%E3%83%8F%E3%82%A4%E3%82%AF%E3%83%A9%E3%82%A4%E3%83%8826:http_403
reviewable,e54ceec4-8179-4c97-93a0-76beaa25ed4f,Osprey,ハイクライト26,ハイクライト26,yes,yes,,,needs_review,740,19800,https://www.lostarrow.co.jp/store/g/gOS5719201006/,1,重量 0.74kg,"価格 ￥19,800 ",https://www.osprey.com/search?q=%E3%83%8F%E3%82%A4%E3%82%AF%E3%83%A9%E3%82%A4%E3%83%8826:http_403
reviewable,e54ceec4-8179-4c97-93a0-76beaa25ed4f,Osprey,ハイクライト26,ハイクライト26,yes,yes,,,needs_review,740,5000,https://www.lostarrow.co.jp/store/g/gOS5J005A01001/,1,重量 0.74kg,税込） ※ 5000円,https://www.osprey.com/search?q=%E3%83%8F%E3%82%A4%E3%82%AF%E3%83%A9%E3%82%A4%E3%83%8826:http_403
reviewable,e54ceec4-8179-4c97-93a0-76beaa25ed4f,Osprey,ハイクライト26,ハイクライト26,yes,yes,,,needs_review,820,5000,https://www.lostarrow.co.jp/store/g/gOS57222001/,1,重量 0.82kg,税込） ※ 5000円,https://www.osprey.com/search?q=%E3%83%8F%E3%82%A4%E3%82%AF%E3%83%A9%E3%82%A4%E3%83%8826:http_403
reviewable,68f6a60b-b9ea-48ce-a3a7-7c5793b98be7,Osprey,ミュータント38,ミュータント38,yes,yes,,,needs_review,,5000,https://www.lostarrow.co.jp/store/goods/search.aspx?search=x&keyword=%E3%83%9F%E3%83%A5%E3%83%BC%E3%82%BF%E3%83%B3%E3%83%8838,1,,税込） ※ 5000円,https://www.osprey.com/search?q=%E3%83%9F%E3%83%A5%E3%83%BC%E3%82%BF%E3%83%B3%E3%83%8838:http_403
reviewable,68f6a60b-b9ea-48ce-a3a7-7c5793b98be7,Osprey,ミュータント38,ミュータント38,yes,yes,,,needs_review,1140,5000,https://www.lostarrow.co.jp/store/g/gOS50453003004/,1,重量 S/M=1.14kg,税込） ※ 5000円,https://www.osprey.com/search?q=%E3%83%9F%E3%83%A5%E3%83%BC%E3%82%BF%E3%83%B3%E3%83%8838:http_403
reviewable,8a686a94-deed-492a-8e8c-e666fa0669d9,Petzl,ACTIK,ACTIK,,yes,98,,verified,98,,https://www.petzl.com/INT/en/Sport/Headlamps/ACTIK,1,Weight: 98 g,,
low,8a686a94-deed-492a-8e8c-e666fa0669d9,Petzl,ACTIK,ACTIK,,yes,98,,verified,,,https://www.petzl.com/FR/fr/Sport/Lampes-frontales/ACTIK,1,,,
reviewable,8a686a94-deed-492a-8e8c-e666fa0669d9,Petzl,ACTIK,ACTIK,,yes,98,,verified,98,,https://www.petzl.com/US/en/Sport/Headlamps/ACTIK,1,Weight: 98 g,,
low,8a686a94-deed-492a-8e8c-e666fa0669d9,Petzl,ACTIK,ACTIK,,yes,98,,verified,,,https://www.petzl.com/DE/de/Sport/Stirnlampen/ACTIK,1,,,
reviewable,8a686a94-deed-492a-8e8c-e666fa0669d9,Petzl,ACTIK,ACTIK,,yes,98,,verified,98,,https://www.petzl.com/GB/en/Sport/Headlamps/ACTIK,1,Weight: 98 g,,
low,8a686a94-deed-492a-8e8c-e666fa0669d9,Petzl,ACTIK,ACTIK,,yes,98,,verified,,,https://www.petzl.com/INT/en/Sport/Helmets/ACTIK,1,,,
reviewable,26784443-9cdb-495a-90e6-4b60a892ca59,Petzl,ACTIK CORE,ACTIK CORE,,yes,88,,verified,88,,https://www.petzl.com/INT/en/Sport/Headlamps/ACTIK-CORE,2,Weight: 88 g,,
low,26784443-9cdb-495a-90e6-4b60a892ca59,Petzl,ACTIK CORE,ACTIK CORE,,yes,88,,verified,,,https://www.petzl.com/FR/fr/Sport/Lampes-frontales/ACTIK-CORE,2,,,
reviewable,26784443-9cdb-495a-90e6-4b60a892ca59,Petzl,ACTIK CORE,ACTIK CORE,,yes,88,,verified,88,,https://www.petzl.com/US/en/Sport/Headlamps/ACTIK-CORE,2,Weight: 88 g,,
low,26784443-9cdb-495a-90e6-4b60a892ca59,Petzl,ACTIK CORE,ACTIK CORE,,yes,88,,verified,,,https://www.petzl.com/DE/de/Sport/Stirnlampen/ACTIK-CORE,2,,,
reviewable,26784443-9cdb-495a-90e6-4b60a892ca59,Petzl,ACTIK CORE,ACTIK CORE,,yes,88,,verified,88,,https://www.petzl.com/GB/en/Sport/Headlamps/ACTIK-CORE,2,Weight: 88 g,,
low,26784443-9cdb-495a-90e6-4b60a892ca59,Petzl,ACTIK CORE,ACTIK CORE,,yes,88,,verified,,,https://www.petzl.com/INT/en/Sport/Helmets/ACTIK-CORE,2,,,
low,8539594d-c874-4205-97ef-27329fbca0ad,Petzl,ARIA 1 RGB,ARIA 1 RGB,yes,yes,,,needs_review,,,https://www.petzl.com/INT/en/Sport/Headlamps/ARIA-1-RGB,2,,,
low,8539594d-c874-4205-97ef-27329fbca0ad,Petzl,ARIA 1 RGB,ARIA 1 RGB,yes,yes,,,needs_review,,,https://www.petzl.com/INT/en/Sport/Helmets/ARIA-1-RGB,2,,,
low,7a1ee0c5-1895-45b7-9143-d07629228b79,Petzl,ARIA 2 RGB,ARIA 2 RGB,yes,yes,,,needs_review,,,https://www.petzl.com/INT/en/Sport/Headlamps/ARIA-2-RGB,2,,,
low,7a1ee0c5-1895-45b7-9143-d07629228b79,Petzl,ARIA 2 RGB,ARIA 2 RGB,yes,yes,,,needs_review,,,https://www.petzl.com/INT/en/Sport/Helmets/ARIA-2-RGB,2,,,
low,3774c498-5ee3-4ab4-a2aa-d7bb072f0b4c,Petzl,ARIA 2R,ARIA 2R,yes,yes,,,needs_review,,,https://www.petzl.com/INT/en/Sport/Headlamps/ARIA-2R,1,,,
low,3774c498-5ee3-4ab4-a2aa-d7bb072f0b4c,Petzl,ARIA 2R,ARIA 2R,yes,yes,,,needs_review,,,https://www.petzl.com/INT/en/Sport/Helmets/ARIA-2R,1,,,
low,37be6e0f-59d3-4870-a80f-3a1b44ad8eb4,Petzl,BINDI,BINDI,yes,yes,,,needs_review,,,https://www.petzl.com/INT/en/Sport/Headlamps/BINDI,1,,,
low,37be6e0f-59d3-4870-a80f-3a1b44ad8eb4,Petzl,BINDI,BINDI,yes,yes,,,needs_review,,,https://www.petzl.com/INT/en/Sport/Helmets/BINDI,1,,,
low,ec43d109-e419-4ccb-904a-f6d6f2347889,Petzl,BOREO,BOREO,yes,yes,,,needs_review,,,https://www.petzl.com/INT/en/Sport/Headlamps/BOREO,1,,,
reviewable,ec43d109-e419-4ccb-904a-f6d6f2347889,Petzl,BOREO,BOREO,yes,yes,,,needs_review,330,,https://www.petzl.com/INT/en/Sport/Helmets/BOREO,1,weight: 330 g,,
low,ec43d109-e419-4ccb-904a-f6d6f2347889,Petzl,BOREO,BOREO,yes,yes,,,needs_review,,,https://www.petzl.com/FR/fr/Sport/Casques/BOREO,1,,,
reviewable,ec43d109-e419-4ccb-904a-f6d6f2347889,Petzl,BOREO,BOREO,yes,yes,,,needs_review,330,,https://www.petzl.com/US/en/Sport/Helmets/BOREO,1,weight: 330 g,,
low,ec43d109-e419-4ccb-904a-f6d6f2347889,Petzl,BOREO,BOREO,yes,yes,,,needs_review,,,https://www.petzl.com/DE/de/Sport/Helme/BOREO,1,,,
reviewable,ec43d109-e419-4ccb-904a-f6d6f2347889,Petzl,BOREO,BOREO,yes,yes,,,needs_review,330,,https://www.petzl.com/GB/en/Sport/Helmets/BOREO,1,weight: 330 g,,
reviewable,991ccc85-a1aa-429f-b1c9-589e28b90432,Petzl,IKO,IKO,yes,yes,,,needs_review,90,,https://www.petzl.com/INT/en/Sport/Headlamps/IKO,1,weight of only 90 g,,
low,991ccc85-a1aa-429f-b1c9-589e28b90432,Petzl,IKO,IKO,yes,yes,,,needs_review,,,https://www.petzl.com/FR/fr/Sport/Lampes-frontales/IKO,1,,,
reviewable,991ccc85-a1aa-429f-b1c9-589e28b90432,Petzl,IKO,IKO,yes,yes,,,needs_review,90,,https://www.petzl.com/US/en/Sport/Headlamps/IKO,1,weight of only 90 g,,
low,991ccc85-a1aa-429f-b1c9-589e28b90432,Petzl,IKO,IKO,yes,yes,,,needs_review,,,https://www.petzl.com/DE/de/Sport/Stirnlampen/IKO,1,,,
reviewable,991ccc85-a1aa-429f-b1c9-589e28b90432,Petzl,IKO,IKO,yes,yes,,,needs_review,90,,https://www.petzl.com/GB/en/Sport/Headlamps/IKO,1,weight of only 90 g,,
low,991ccc85-a1aa-429f-b1c9-589e28b90432,Petzl,IKO,IKO,yes,yes,,,needs_review,,,https://www.petzl.com/INT/en/Sport/Helmets/IKO,1,,,
reviewable,b91e74c9-0290-4807-a621-2b39dad8dad9,Petzl,IKO CORE,IKO CORE,,yes,79,,verified,79,,https://www.petzl.com/INT/en/Sport/Headlamps/IKO-CORE,2,weight of only 79 g,,
low,b91e74c9-0290-4807-a621-2b39dad8dad9,Petzl,IKO CORE,IKO CORE,,yes,79,,verified,,,https://www.petzl.com/FR/fr/Sport/Lampes-frontales/IKO-CORE,2,,,
reviewable,b91e74c9-0290-4807-a621-2b39dad8dad9,Petzl,IKO CORE,IKO CORE,,yes,79,,verified,79,,https://www.petzl.com/US/en/Sport/Headlamps/IKO-CORE,2,weight of only 79 g,,
low,b91e74c9-0290-4807-a621-2b39dad8dad9,Petzl,IKO CORE,IKO CORE,,yes,79,,verified,,,https://www.petzl.com/DE/de/Sport/Stirnlampen/IKO-CORE,2,,,
reviewable,b91e74c9-0290-4807-a621-2b39dad8dad9,Petzl,IKO CORE,IKO CORE,,yes,79,,verified,79,,https://www.petzl.com/GB/en/Sport/Headlamps/IKO-CORE,2,weight of only 79 g,,
low,b91e74c9-0290-4807-a621-2b39dad8dad9,Petzl,IKO CORE,IKO CORE,,yes,79,,verified,,,https://www.petzl.com/INT/en/Sport/Helmets/IKO-CORE,2,,,
low,aca97990-3dea-4604-b54b-3bc948f73099,Petzl,METEOR,METEOR,yes,yes,,,needs_review,,,https://www.petzl.com/INT/en/Sport/Headlamps/METEOR,1,,,
reviewable,aca97990-3dea-4604-b54b-3bc948f73099,Petzl,METEOR,METEOR,yes,yes,,,needs_review,235,,https://www.petzl.com/INT/en/Sport/Helmets/METEOR,1,"weight, low-profile, ventilated helmet: - Size S/M weighs only 235 g",,
low,aca97990-3dea-4604-b54b-3bc948f73099,Petzl,METEOR,METEOR,yes,yes,,,needs_review,,,https://www.petzl.com/FR/fr/Sport/Casques/METEOR,1,,,
reviewable,aca97990-3dea-4604-b54b-3bc948f73099,Petzl,METEOR,METEOR,yes,yes,,,needs_review,235,,https://www.petzl.com/US/en/Sport/Helmets/METEOR,1,"weight, low-profile, ventilated helmet: - Size S/M weighs only 235 g",,
low,aca97990-3dea-4604-b54b-3bc948f73099,Petzl,METEOR,METEOR,yes,yes,,,needs_review,,,https://www.petzl.com/DE/de/Sport/Helme/METEOR,1,,,
reviewable,aca97990-3dea-4604-b54b-3bc948f73099,Petzl,METEOR,METEOR,yes,yes,,,needs_review,235,,https://www.petzl.com/GB/en/Sport/Helmets/METEOR,1,"weight, low-profile, ventilated helmet: - Size S/M weighs only 235 g",,
reviewable,b9921d1c-586d-44cd-b9ef-b7b67ae121ce,Petzl,NAO RL,NAO RL,yes,yes,,,needs_review,145,,https://www.petzl.com/INT/en/Sport/Headlamps/NAO-RL,1,weight of only 145 g,,
low,b9921d1c-586d-44cd-b9ef-b7b67ae121ce,Petzl,NAO RL,NAO RL,yes,yes,,,needs_review,,,https://www.petzl.com/FR/fr/Sport/Lampes-frontales/NAO-RL,1,,,
reviewable,b9921d1c-586d-44cd-b9ef-b7b67ae121ce,Petzl,NAO RL,NAO RL,yes,yes,,,needs_review,145,,https://www.petzl.com/US/en/Sport/Headlamps/NAO-RL,1,weight of only 145 g,,
low,b9921d1c-586d-44cd-b9ef-b7b67ae121ce,Petzl,NAO RL,NAO RL,yes,yes,,,needs_review,,,https://www.petzl.com/DE/de/Sport/Stirnlampen/NAO-RL,1,,,
reviewable,b9921d1c-586d-44cd-b9ef-b7b67ae121ce,Petzl,NAO RL,NAO RL,yes,yes,,,needs_review,145,,https://www.petzl.com/GB/en/Sport/Headlamps/NAO-RL,1,weight of only 145 g,,
low,b9921d1c-586d-44cd-b9ef-b7b67ae121ce,Petzl,NAO RL,NAO RL,yes,yes,,,needs_review,,,https://www.petzl.com/INT/en/Sport/Helmets/NAO-RL,1,,,
reviewable,73172134-dca1-48fb-9811-e51e59221b9f,Petzl,SWIFT RL,SWIFT RL,,yes,92,,verified,92,,https://www.petzl.com/INT/en/Sport/Headlamps/SWIFT-RL,1,Weight: 92 g,,
low,73172134-dca1-48fb-9811-e51e59221b9f,Petzl,SWIFT RL,SWIFT RL,,yes,92,,verified,,,https://www.petzl.com/FR/fr/Sport/Lampes-frontales/SWIFT-RL,1,,,
reviewable,73172134-dca1-48fb-9811-e51e59221b9f,Petzl,SWIFT RL,SWIFT RL,,yes,92,,verified,92,,https://www.petzl.com/US/en/Sport/Headlamps/SWIFT-RL,1,Weight: 92 g,,
low,73172134-dca1-48fb-9811-e51e59221b9f,Petzl,SWIFT RL,SWIFT RL,,yes,92,,verified,,,https://www.petzl.com/DE/de/Sport/Stirnlampen/SWIFT-RL,1,,,
reviewable,73172134-dca1-48fb-9811-e51e59221b9f,Petzl,SWIFT RL,SWIFT RL,,yes,92,,verified,92,,https://www.petzl.com/GB/en/Sport/Headlamps/SWIFT-RL,1,Weight: 92 g,,
low,73172134-dca1-48fb-9811-e51e59221b9f,Petzl,SWIFT RL,SWIFT RL,,yes,92,,verified,,,https://www.petzl.com/INT/en/Sport/Helmets/SWIFT-RL,1,,,
low,d5ee928f-64bd-48b3-9ca1-fc1e648ea8ff,Petzl,TACTIKKA,TACTIKKA,yes,yes,,,needs_review,,,https://www.petzl.com/INT/en/Sport/Headlamps/TACTIKKA,1,,,
low,d5ee928f-64bd-48b3-9ca1-fc1e648ea8ff,Petzl,TACTIKKA,TACTIKKA,yes,yes,,,needs_review,,,https://www.petzl.com/INT/en/Sport/Helmets/TACTIKKA,1,,,
low,68a7a1e0-a09d-4a67-986a-175694fe37fa,Petzl,TACTIKKA CORE,TACTIKKA CORE,yes,yes,,,needs_review,,,https://www.petzl.com/INT/en/Sport/Headlamps/TACTIKKA-CORE,2,,,
low,68a7a1e0-a09d-4a67-986a-175694fe37fa,Petzl,TACTIKKA CORE,TACTIKKA CORE,yes,yes,,,needs_review,,,https://www.petzl.com/INT/en/Sport/Helmets/TACTIKKA-CORE,2,,,
reviewable,28a64247-d87f-4252-9c50-311b17399e97,Petzl,TIKKA,TIKKA,,yes,94,,verified,94,,https://www.petzl.com/INT/en/Sport/Headlamps/TIKKA,1,Weight: 94 g,,
low,28a64247-d87f-4252-9c50-311b17399e97,Petzl,TIKKA,TIKKA,,yes,94,,verified,,,https://www.petzl.com/FR/fr/Sport/Lampes-frontales/TIKKA,1,,,
reviewable,28a64247-d87f-4252-9c50-311b17399e97,Petzl,TIKKA,TIKKA,,yes,94,,verified,94,,https://www.petzl.com/US/en/Sport/Headlamps/TIKKA,1,Weight: 94 g,,
low,28a64247-d87f-4252-9c50-311b17399e97,Petzl,TIKKA,TIKKA,,yes,94,,verified,,,https://www.petzl.com/DE/de/Sport/Stirnlampen/TIKKA,1,,,
reviewable,28a64247-d87f-4252-9c50-311b17399e97,Petzl,TIKKA,TIKKA,,yes,94,,verified,94,,https://www.petzl.com/GB/en/Sport/Headlamps/TIKKA,1,Weight: 94 g,,
low,28a64247-d87f-4252-9c50-311b17399e97,Petzl,TIKKA,TIKKA,,yes,94,,verified,,,https://www.petzl.com/INT/en/Sport/Helmets/TIKKA,1,,,
reviewable,8ca84e74-20c5-41e9-8949-ec5a8cf4a449,Petzl,TIKKA CORE,TIKKA CORE,,yes,84,,verified,84,,https://www.petzl.com/INT/en/Sport/Headlamps/TIKKA-CORE,2,Weight: 84 g,,
low,8ca84e74-20c5-41e9-8949-ec5a8cf4a449,Petzl,TIKKA CORE,TIKKA CORE,,yes,84,,verified,,,https://www.petzl.com/FR/fr/Sport/Lampes-frontales/TIKKA-CORE,2,,,
reviewable,8ca84e74-20c5-41e9-8949-ec5a8cf4a449,Petzl,TIKKA CORE,TIKKA CORE,,yes,84,,verified,84,,https://www.petzl.com/US/en/Sport/Headlamps/TIKKA-CORE,2,Weight: 84 g,,
low,8ca84e74-20c5-41e9-8949-ec5a8cf4a449,Petzl,TIKKA CORE,TIKKA CORE,,yes,84,,verified,,,https://www.petzl.com/DE/de/Sport/Stirnlampen/TIKKA-CORE,2,,,
reviewable,8ca84e74-20c5-41e9-8949-ec5a8cf4a449,Petzl,TIKKA CORE,TIKKA CORE,,yes,84,,verified,84,,https://www.petzl.com/GB/en/Sport/Headlamps/TIKKA-CORE,2,Weight: 84 g,,
low,8ca84e74-20c5-41e9-8949-ec5a8cf4a449,Petzl,TIKKA CORE,TIKKA CORE,,yes,84,,verified,,,https://www.petzl.com/INT/en/Sport/Helmets/TIKKA-CORE,2,,,
low,794e738f-c66f-43f7-937c-37b5ddb889dc,Sawyer,Squeeze ウォーターフィルターシステム,Squeeze Water Filter System,,yes,232,,verified,,,https://www.sawyer.com/product/squeeze-water-filter-system,4,,,
low,794e738f-c66f-43f7-937c-37b5ddb889dc,Sawyer,Squeeze ウォーターフィルターシステム,Squeeze Water Filter System,,yes,232,,verified,,,https://www.sawyer.com/category/water-filtration,4,,,
low,794e738f-c66f-43f7-937c-37b5ddb889dc,Sawyer,Squeeze ウォーターフィルターシステム,Squeeze Water Filter System,,yes,232,,verified,,,https://www.sawyer.com/category/water-filter-accessories,4,,,
low,794e738f-c66f-43f7-937c-37b5ddb889dc,Sawyer,Squeeze ウォーターフィルターシステム,Squeeze Water Filter System,,yes,232,,verified,,,https://www.sawyer.com/product/sawyer-squeeze-water-filter-system,4,,,
low,794e738f-c66f-43f7-937c-37b5ddb889dc,Sawyer,Squeeze ウォーターフィルターシステム,Squeeze Water Filter System,,yes,232,,verified,,,https://www.sawyer.com/product-subcategories/mini-filter,4,,,
reviewable,0acec8ae-d2ff-43f3-b7e0-1357ad53c5b7,Snow Peak,チタン先割れスプーン,Titanium Spork,,yes,16,,verified,,1515,https://www.snowpeak.com/products/titanium-spork,2,,"price) : ''"" style=""display:none"" > Uncolored Blue Green Purple = (variant ? variant.quantity : 1515",
low,0acec8ae-d2ff-43f3-b7e0-1357ad53c5b7,Snow Peak,チタン先割れスプーン,Titanium Spork,,yes,16,,verified,,,https://www.snowpeak.com/products/ti-aurora-bottle,1,,,
low,0acec8ae-d2ff-43f3-b7e0-1357ad53c5b7,Snow Peak,チタン先割れスプーン,Titanium Spork,,yes,16,,verified,,,https://www.snowpeak.com/account/login,1,,,
low,0acec8ae-d2ff-43f3-b7e0-1357ad53c5b7,Snow Peak,チタン先割れスプーン,Titanium Spork,,yes,16,,verified,,,https://www.snowpeak.com/products/trek-titanium-bowl-stw-003t,2,,,
low,0acec8ae-d2ff-43f3-b7e0-1357ad53c5b7,Snow Peak,チタン先割れスプーン,Titanium Spork,,yes,16,,verified,,,https://www.snowpeak.com/products/titanium-double-450-mug?_pos=18&_sid=0a685878c&_ss=r,1,,,
reviewable,801dd5bb-d4b2-4574-9921-36429dc3d097,THE NORTH FACE,フットプリント/マウンテンショット1,フットプリント/マウンテンショット1,yes,,,6600,needs_review,,6600,https://www.goldwin.co.jp/ap/item/i/m/NN32408,2,,"￥6,600",
reviewable,2c8eb353-52e5-48eb-bdce-9b037e192055,THE NORTH FACE,フットプリント/マウンテンショット2,フットプリント/マウンテンショット2,yes,,,7700,needs_review,,7700,https://www.goldwin.co.jp/ap/item/i/m/NN32407,2,,"￥7,700",
reviewable,bb67aec0-f9c2-4a30-9e84-237e03332717,Therm-a-Rest,NeoAir XLite NXT MAX レギュラーワイド,NeoAir XLite NXT MAX Regular Wide,,yes,539,,verified,540,,https://www.thermarest.com/sleeping-pads/fast-and-light/neoair-xlite-nxt-max-sleeping-pad/neoair-xlite-nxt-max.html,6,weight and packed size. Weighing just 540 g,,
low,bb67aec0-f9c2-4a30-9e84-237e03332717,Therm-a-Rest,NeoAir XLite NXT MAX レギュラーワイド,NeoAir XLite NXT MAX Regular Wide,,yes,539,,verified,,,https://www.thermarest.com/collections/sleeping-pads-neoair,5,,,
low,bb67aec0-f9c2-4a30-9e84-237e03332717,Therm-a-Rest,NeoAir XLite NXT MAX レギュラーワイド,NeoAir XLite NXT MAX Regular Wide,,yes,539,,verified,,,https://www.thermarest.com/pages/returns,0,,,
low,06258fba-df94-48fe-9c47-dab2b378d1cd,Therm-a-Rest,NeoAir XLite NXT レギュラー,NeoAir XLite NXT Regular,,yes,369,,verified,,,https://www.thermarest.com/sleeping-pads/fast-and-light/neoair-xlite-nxt-sleeping-pad/neoair-xlite-nxt.html,4,,,
low,06258fba-df94-48fe-9c47-dab2b378d1cd,Therm-a-Rest,NeoAir XLite NXT レギュラー,NeoAir XLite NXT Regular,,yes,369,,verified,,,https://www.thermarest.com/collections/sleeping-pads-neoair,4,,,
low,06258fba-df94-48fe-9c47-dab2b378d1cd,Therm-a-Rest,NeoAir XLite NXT レギュラー,NeoAir XLite NXT Regular,,yes,369,,verified,,,https://www.thermarest.com/pages/returns,0,,,
not_found,04b7c025-b597-4d8c-8834-257084f778ea,Therm-a-Rest,NeoAir XTherm NXT MAX レギュラーワイド,NeoAir XTherm NXT MAX Regular Wide,,yes,652,,verified,,,,,,,https://www.thermarest.com/sleeping-pads/fast-and-light/neoair-r-xtherm-nxt-max-sleeping-pad/neoair-r-xtherm-nxt-max.html:http_404
low,70408436-1a10-4260-b839-b9e192ac71c8,Therm-a-Rest,NeoAir XTherm NXT レギュラー,NeoAir XTherm NXT Regular,,yes,439,,verified,,,https://www.thermarest.com/sleeping-pads/fast-and-light/neoair-xtherm-nxt-sleeping-pad/neoair-xtherm-nxt.html,4,,,
low,70408436-1a10-4260-b839-b9e192ac71c8,Therm-a-Rest,NeoAir XTherm NXT レギュラー,NeoAir XTherm NXT Regular,,yes,439,,verified,,,https://www.thermarest.com/collections/sleeping-pads-neoair,4,,,
low,70408436-1a10-4260-b839-b9e192ac71c8,Therm-a-Rest,NeoAir XTherm NXT レギュラー,NeoAir XTherm NXT Regular,,yes,439,,verified,,,https://www.thermarest.com/pages/returns,0,,,
not_found,a875c87d-88b1-4f3c-a693-aee4ebf0a2f2,Therm-a-Rest,Original Z Lite,Original Z Lite,,yes,397,,verified,,,,,,,https://www.thermarest.com/sleeping-pads/trek-and-travel/original-z-lite-sleeping-pad/original-z-lite.html:http_404
not_found,59273438-5547-4588-8681-0db8468f528a,Therm-a-Rest,ProLite Apex レギュラー,ProLite Apex Regular,,yes,624,,verified,,,,,,,https://www.thermarest.com/sleeping-pads/trek-and-travel/prolite-apex-sleeping-pad/prolite-apex.html:http_404
not_found,3cfa4e4f-b7cb-488d-ad57-88e778a880bc,Therm-a-Rest,ProLite Plus レギュラー,ProLite Plus Regular,,yes,652,,verified,,,,,,,https://www.thermarest.com/sleeping-pads/trek-and-travel/prolite-plus-sleeping-pad/prolite-plus.html:http_404
low,4a312956-857a-4aca-9046-d8e8a083aab7,Therm-a-Rest,RidgeRest Classic レギュラー,RidgeRest Classic Regular,,yes,397,,verified,,,https://www.thermarest.com/sleeping-pads/trek-and-travel/ridgerest-classic-sleeping-pad/ridgerest-classic.html,3,,,
reviewable,4a312956-857a-4aca-9046-d8e8a083aab7,Therm-a-Rest,RidgeRest Classic レギュラー,RidgeRest Classic Regular,,yes,397,,verified,20,,https://www.thermarest.com/sleeping-pads/sleeping-pad-accessories/classic-valve-repair-kit/13312.html,2,Weight (Metric): 0.02 kg,,
not_found,72cf086e-c764-461d-b4b3-41d03315c1b8,Therm-a-Rest,Z Lite SOL レギュラー,Z Lite SOL Regular,,yes,397,,verified,,,,,,,https://www.thermarest.com/sleeping-pads/trek-and-travel/z-lite-sol-sleeping-pad/z-lite-sol.html:http_404
reviewable,75ebecea-8378-4617-8255-1ac1cb39840f,山と道,100% Merino Hoody,100% Merino Hoody,yes,yes,,,needs_review,,26400,https://shop.yamatomichi.com/search?q=100%25%20Merino%20Hoody,3,,"価格 最高価格は¥26,400",https://shop.yamatomichi.com/search/suggest.json?q=100%25%20Merino%20Hoody&resources[type]=product&resources[limit]=5&resources[options][unavailable_products]=last:http_417
reviewable,75ebecea-8378-4617-8255-1ac1cb39840f,山と道,100% Merino Hoody,100% Merino Hoody,yes,yes,,,needs_review,,26400,https://shop.yamatomichi.com/search?q=100%25+Merino+Hoody,3,,"価格 最高価格は¥26,400",https://shop.yamatomichi.com/search/suggest.json?q=100%25%20Merino%20Hoody&resources[type]=product&resources[limit]=5&resources[options][unavailable_products]=last:http_417
error,75ebecea-8378-4617-8255-1ac1cb39840f,山と道,100% Merino Hoody,100% Merino Hoody,yes,yes,,,needs_review,,,https://shop.yamatomichi.com/search?q=100%%20Merino%20Hoody&options%5Bprefix%5D=last&sort_by=relevance,,,,http_400
reviewable,75ebecea-8378-4617-8255-1ac1cb39840f,山と道,100% Merino Hoody,100% Merino Hoody,yes,yes,,,needs_review,,23000,https://shop.yamatomichi.com/products/100-merino-half-zip-hoody?_pos=1&_sid=7a93afb09&_ss=r,3,,"¥23,000",https://shop.yamatomichi.com/search/suggest.json?q=100%25%20Merino%20Hoody&resources[type]=product&resources[limit]=5&resources[options][unavailable_products]=last:http_417
reviewable,75ebecea-8378-4617-8255-1ac1cb39840f,山と道,100% Merino Hoody,100% Merino Hoody,yes,yes,,,needs_review,,19000,https://shop.yamatomichi.com/products/100-light-merino-half-zip-hoody?_pos=2&_sid=7a93afb09&_ss=r,3,,"¥19,000",https://shop.yamatomichi.com/search/suggest.json?q=100%25%20Merino%20Hoody&resources[type]=product&resources[limit]=5&resources[options][unavailable_products]=last:http_417
reviewable,24e3e111-3514-4aa7-ab17-00d8ddc49f4f,山と道,100% Merino Light Long Sleeve,100% Merino Light Long Sleeve,yes,yes,,,needs_review,,26400,https://shop.yamatomichi.com/search?q=100%25%20Merino%20Light%20Long%20Sleeve,5,,"価格 最高価格は¥26,400",https://shop.yamatomichi.com/search/suggest.json?q=100%25%20Merino%20Light%20Long%20Sleeve&resources[type]=product&resources[limit]=5&resources[options][unavailable_products]=last:http_417
reviewable,24e3e111-3514-4aa7-ab17-00d8ddc49f4f,山と道,100% Merino Light Long Sleeve,100% Merino Light Long Sleeve,yes,yes,,,needs_review,,26400,https://shop.yamatomichi.com/search?q=100%25+Merino+Light+Long+Sleeve,5,,"価格 最高価格は¥26,400",https://shop.yamatomichi.com/search/suggest.json?q=100%25%20Merino%20Light%20Long%20Sleeve&resources[type]=product&resources[limit]=5&resources[options][unavailable_products]=last:http_417
error,24e3e111-3514-4aa7-ab17-00d8ddc49f4f,山と道,100% Merino Light Long Sleeve,100% Merino Light Long Sleeve,yes,yes,,,needs_review,,,https://shop.yamatomichi.com/search?q=100%%20Merino%20Light%20Long%20Sleeve&options%5Bprefix%5D=last&sort_by=relevance,,,,http_400
reviewable,24e3e111-3514-4aa7-ab17-00d8ddc49f4f,山と道,100% Merino Light Long Sleeve,100% Merino Light Long Sleeve,yes,yes,,,needs_review,,15000,https://shop.yamatomichi.com/products/100-light-merino-long-sleeve?_pos=1&_sid=c93fe663b&_ss=r,5,,"¥15,000",https://shop.yamatomichi.com/search/suggest.json?q=100%25%20Merino%20Light%20Long%20Sleeve&resources[type]=product&resources[limit]=5&resources[options][unavailable_products]=last:http_417
reviewable,24e3e111-3514-4aa7-ab17-00d8ddc49f4f,山と道,100% Merino Light Long Sleeve,100% Merino Light Long Sleeve,yes,yes,,,needs_review,,18000,https://shop.yamatomichi.com/products/100-light-merino-half-zip-long-sleeve?_pos=2&_sid=c93fe663b&_ss=r,5,,"¥18,000",https://shop.yamatomichi.com/search/suggest.json?q=100%25%20Merino%20Light%20Long%20Sleeve&resources[type]=product&resources[limit]=5&resources[options][unavailable_products]=last:http_417
reviewable,d6bdd74c-155b-4404-894e-ff27d0ded994,山と道,5-Pocket Pants,5-Pocket Pants,yes,yes,,,needs_review,,45000,https://shop.yamatomichi.com/search?q=5-Pocket%20Pants,2,,"価格 最高価格は¥45,000",https://shop.yamatomichi.com/search/suggest.json?q=5-Pocket%20Pants&resources[type]=product&resources[limit]=5&resources[options][unavailable_products]=last:http_417
reviewable,d6bdd74c-155b-4404-894e-ff27d0ded994,山と道,5-Pocket Pants,5-Pocket Pants,yes,yes,,,needs_review,,45000,https://shop.yamatomichi.com/search?q=5-Pocket+Pants,2,,"価格 最高価格は¥45,000",https://shop.yamatomichi.com/search/suggest.json?q=5-Pocket%20Pants&resources[type]=product&resources[limit]=5&resources[options][unavailable_products]=last:http_417
reviewable,d6bdd74c-155b-4404-894e-ff27d0ded994,山と道,5-Pocket Pants,5-Pocket Pants,yes,yes,,,needs_review,,45000,https://shop.yamatomichi.com/search?q=5-Pocket%20Pants&options%5Bprefix%5D=last&sort_by=relevance,2,,"価格 最高価格は¥45,000",https://shop.yamatomichi.com/search/suggest.json?q=5-Pocket%20Pants&resources[type]=product&resources[limit]=5&resources[options][unavailable_products]=last:http_417
reviewable,d6bdd74c-155b-4404-894e-ff27d0ded994,山と道,5-Pocket Pants,5-Pocket Pants,yes,yes,,,needs_review,,18500,https://shop.yamatomichi.com/products/light-5-pocket-pants-m?_pos=1&_sid=e632d83ba&_ss=r,2,,"¥18,500",https://shop.yamatomichi.com/search/suggest.json?q=5-Pocket%20Pants&resources[type]=product&resources[limit]=5&resources[options][unavailable_products]=last:http_417
reviewable,d6bdd74c-155b-4404-894e-ff27d0ded994,山と道,5-Pocket Pants,5-Pocket Pants,yes,yes,,,needs_review,,19500,https://shop.yamatomichi.com/products/dw-5-pocket-pants-m?_pos=2&_sid=e632d83ba&_ss=r,2,,"¥19,500",https://shop.yamatomichi.com/search/suggest.json?q=5-Pocket%20Pants&resources[type]=product&resources[limit]=5&resources[options][unavailable_products]=last:http_417
reviewable,4f9682ae-5725-4284-af95-26cbbdc50e15,山と道,5-Pocket Shorts,5-Pocket Shorts,yes,yes,,,needs_review,,18500,https://shop.yamatomichi.com/search?q=5-Pocket%20Shorts,2,,"価格 最高価格は¥18,500",https://shop.yamatomichi.com/search/suggest.json?q=5-Pocket%20Shorts&resources[type]=product&resources[limit]=5&resources[options][unavailable_products]=last:http_417
reviewable,4f9682ae-5725-4284-af95-26cbbdc50e15,山と道,5-Pocket Shorts,5-Pocket Shorts,yes,yes,,,needs_review,,18500,https://shop.yamatomichi.com/search?q=5-Pocket+Shorts,2,,"価格 最高価格は¥18,500",https://shop.yamatomichi.com/search/suggest.json?q=5-Pocket%20Shorts&resources[type]=product&resources[limit]=5&resources[options][unavailable_products]=last:http_417
reviewable,4f9682ae-5725-4284-af95-26cbbdc50e15,山と道,5-Pocket Shorts,5-Pocket Shorts,yes,yes,,,needs_review,,18500,https://shop.yamatomichi.com/search?q=5-Pocket%20Shorts&options%5Bprefix%5D=last&sort_by=relevance,2,,"価格 最高価格は¥18,500",https://shop.yamatomichi.com/search/suggest.json?q=5-Pocket%20Shorts&resources[type]=product&resources[limit]=5&resources[options][unavailable_products]=last:http_417
reviewable,4f9682ae-5725-4284-af95-26cbbdc50e15,山と道,5-Pocket Shorts,5-Pocket Shorts,yes,yes,,,needs_review,,11200,https://shop.yamatomichi.com/products/5-pocket-long-shorts-w-25so?_pos=1&_sid=a96ce406e&_ss=r,2,,"¥11,200",https://shop.yamatomichi.com/search/suggest.json?q=5-Pocket%20Shorts&resources[type]=product&resources[limit]=5&resources[options][unavailable_products]=last:http_417
reviewable,4f9682ae-5725-4284-af95-26cbbdc50e15,山と道,5-Pocket Shorts,5-Pocket Shorts,yes,yes,,,needs_review,,14500,https://shop.yamatomichi.com/products/light-5-pocket-shorts?_pos=2&_sid=a96ce406e&_ss=r,2,,"¥14,500",https://shop.yamatomichi.com/search/suggest.json?q=5-Pocket%20Shorts&resources[type]=product&resources[limit]=5&resources[options][unavailable_products]=last:http_417
reviewable,9b32957b-b394-4034-a2e7-419d1219ca7a,山と道,Alpha Anorak,Alpha Anorak,yes,yes,,,needs_review,,82000,https://shop.yamatomichi.com/search?q=Alpha%20Anorak,2,,"価格 最高価格は¥82,000",https://shop.yamatomichi.com/search/suggest.json?q=Alpha%20Anorak&resources[type]=product&resources[limit]=5&resources[options][unavailable_products]=last:http_417
reviewable,9b32957b-b394-4034-a2e7-419d1219ca7a,山と道,Alpha Anorak,Alpha Anorak,yes,yes,,,needs_review,,82000,https://shop.yamatomichi.com/search?q=Alpha+Anorak,2,,"価格 最高価格は¥82,000",https://shop.yamatomichi.com/search/suggest.json?q=Alpha%20Anorak&resources[type]=product&resources[limit]=5&resources[options][unavailable_products]=last:http_417
reviewable,9b32957b-b394-4034-a2e7-419d1219ca7a,山と道,Alpha Anorak,Alpha Anorak,yes,yes,,,needs_review,,82000,https://shop.yamatomichi.com/search?q=Alpha%20Anorak&options%5Bprefix%5D=last&sort_by=relevance,2,,"価格 最高価格は¥82,000",https://shop.yamatomichi.com/search/suggest.json?q=Alpha%20Anorak&resources[type]=product&resources[limit]=5&resources[options][unavailable_products]=last:http_417
reviewable,9b32957b-b394-4034-a2e7-419d1219ca7a,山と道,Alpha Anorak,Alpha Anorak,yes,yes,,,needs_review,,49000,https://shop.yamatomichi.com/products/alpha-anorak?_pos=1&_sid=6a4fa6bdf&_ss=r,2,,"¥49,000",https://shop.yamatomichi.com/search/suggest.json?q=Alpha%20Anorak&resources[type]=product&resources[limit]=5&resources[options][unavailable_products]=last:http_417
reviewable,9b32957b-b394-4034-a2e7-419d1219ca7a,山と道,Alpha Anorak,Alpha Anorak,yes,yes,,,needs_review,,82000,https://shop.yamatomichi.com/products/all-weather-alpha-jacket?_pos=2&_sid=6a4fa6bdf&_ss=r,1,,"¥82,000",https://shop.yamatomichi.com/search/suggest.json?q=Alpha%20Anorak&resources[type]=product&resources[limit]=5&resources[options][unavailable_products]=last:http_417
reviewable,cbe90a7d-279a-4b90-84fe-df0fa6891dac,山と道,Alpha Haramaki,Alpha Haramaki,yes,yes,,,needs_review,,7500,https://shop.yamatomichi.com/search?q=Alpha%20Haramaki,2,,"価格 最高価格は¥7,500",https://shop.yamatomichi.com/search/suggest.json?q=Alpha%20Haramaki&resources[type]=product&resources[limit]=5&resources[options][unavailable_products]=last:http_417
reviewable,cbe90a7d-279a-4b90-84fe-df0fa6891dac,山と道,Alpha Haramaki,Alpha Haramaki,yes,yes,,,needs_review,,7500,https://shop.yamatomichi.com/search?q=Alpha+Haramaki,2,,"価格 最高価格は¥7,500",https://shop.yamatomichi.com/search/suggest.json?q=Alpha%20Haramaki&resources[type]=product&resources[limit]=5&resources[options][unavailable_products]=last:http_417
reviewable,cbe90a7d-279a-4b90-84fe-df0fa6891dac,山と道,Alpha Haramaki,Alpha Haramaki,yes,yes,,,needs_review,,7500,https://shop.yamatomichi.com/search?q=Alpha%20Haramaki&options%5Bprefix%5D=last&sort_by=relevance,2,,"価格 最高価格は¥7,500",https://shop.yamatomichi.com/search/suggest.json?q=Alpha%20Haramaki&resources[type]=product&resources[limit]=5&resources[options][unavailable_products]=last:http_417
reviewable,cbe90a7d-279a-4b90-84fe-df0fa6891dac,山と道,Alpha Haramaki,Alpha Haramaki,yes,yes,,,needs_review,,7500,https://shop.yamatomichi.com/products/alpha-haramaki?_pos=1&_sid=39ac00d36&_ss=r,2,,"¥7,500",https://shop.yamatomichi.com/search/suggest.json?q=Alpha%20Haramaki&resources[type]=product&resources[limit]=5&resources[options][unavailable_products]=last:http_417
reviewable,cbe90a7d-279a-4b90-84fe-df0fa6891dac,山と道,Alpha Haramaki,Alpha Haramaki,yes,yes,,,needs_review,,6000,https://shop.yamatomichi.com/products/light-alpha-sleeves?_pos=2&_sid=39ac00d36&_ss=r,2,,"¥6,000",https://shop.yamatomichi.com/search/suggest.json?q=Alpha%20Haramaki&resources[type]=product&resources[limit]=5&resources[options][unavailable_products]=last:http_417
reviewable,83079b8a-a21d-4c65-a47c-fd3be1897254,山と道,Bamboo Shirt,Bamboo Shirt,yes,yes,,,needs_review,,16000,https://shop.yamatomichi.com/search?q=Bamboo%20Shirt,2,,"価格 最高価格は¥16,000",https://shop.yamatomichi.com/search/suggest.json?q=Bamboo%20Shirt&resources[type]=product&resources[limit]=5&resources[options][unavailable_products]=last:http_417
reviewable,83079b8a-a21d-4c65-a47c-fd3be1897254,山と道,Bamboo Shirt,Bamboo Shirt,yes,yes,,,needs_review,,16000,https://shop.yamatomichi.com/search?q=Bamboo+Shirt,2,,"価格 最高価格は¥16,000",https://shop.yamatomichi.com/search/suggest.json?q=Bamboo%20Shirt&resources[type]=product&resources[limit]=5&resources[options][unavailable_products]=last:http_417
reviewable,83079b8a-a21d-4c65-a47c-fd3be1897254,山と道,Bamboo Shirt,Bamboo Shirt,yes,yes,,,needs_review,,16000,https://shop.yamatomichi.com/search?q=Bamboo%20Shirt&options%5Bprefix%5D=last&sort_by=relevance,2,,"価格 最高価格は¥16,000",https://shop.yamatomichi.com/search/suggest.json?q=Bamboo%20Shirt&resources[type]=product&resources[limit]=5&resources[options][unavailable_products]=last:http_417
reviewable,83079b8a-a21d-4c65-a47c-fd3be1897254,山と道,Bamboo Shirt,Bamboo Shirt,yes,yes,,,needs_review,,12000,https://shop.yamatomichi.com/products/bamboo-short-sleeve-shirt-w?_pos=1&_sid=170c5113a&_ss=r,2,,"¥12,000",https://shop.yamatomichi.com/search/suggest.json?q=Bamboo%20Shirt&resources[type]=product&resources[limit]=5&resources[options][unavailable_products]=last:http_417
reviewable,83079b8a-a21d-4c65-a47c-fd3be1897254,山と道,Bamboo Shirt,Bamboo Shirt,yes,yes,,,needs_review,,12000,https://shop.yamatomichi.com/products/bamboo-short-sleeve-shirt-m?_pos=2&_sid=170c5113a&_ss=r,2,,"¥12,000",https://shop.yamatomichi.com/search/suggest.json?q=Bamboo%20Shirt&resources[type]=product&resources[limit]=5&resources[options][unavailable_products]=last:http_417
reviewable,22795b6f-8239-4363-a127-1819be03c6e6,山と道,DW 5-Pocket Pants,DW 5-Pocket Pants,yes,yes,,,needs_review,,33000,https://shop.yamatomichi.com/search?q=DW%205-Pocket%20Pants,2,,"価格 最高価格は¥33,000",https://shop.yamatomichi.com/search/suggest.json?q=DW%205-Pocket%20Pants&resources[type]=product&resources[limit]=5&resources[options][unavailable_products]=last:http_417
reviewable,22795b6f-8239-4363-a127-1819be03c6e6,山と道,DW 5-Pocket Pants,DW 5-Pocket Pants,yes,yes,,,needs_review,,33000,https://shop.yamatomichi.com/search?q=DW+5-Pocket+Pants,2,,"価格 最高価格は¥33,000",https://shop.yamatomichi.com/search/suggest.json?q=DW%205-Pocket%20Pants&resources[type]=product&resources[limit]=5&resources[options][unavailable_products]=last:http_417
reviewable,22795b6f-8239-4363-a127-1819be03c6e6,山と道,DW 5-Pocket Pants,DW 5-Pocket Pants,yes,yes,,,needs_review,,33000,https://shop.yamatomichi.com/search?q=DW%205-Pocket%20Pants&options%5Bprefix%5D=last&sort_by=relevance,2,,"価格 最高価格は¥33,000",https://shop.yamatomichi.com/search/suggest.json?q=DW%205-Pocket%20Pants&resources[type]=product&resources[limit]=5&resources[options][unavailable_products]=last:http_417
reviewable,22795b6f-8239-4363-a127-1819be03c6e6,山と道,DW 5-Pocket Pants,DW 5-Pocket Pants,yes,yes,,,needs_review,,19500,https://shop.yamatomichi.com/products/dw-5-pocket-pants-m?_pos=1&_sid=49c5a073c&_ss=r,2,,"¥19,500",https://shop.yamatomichi.com/search/suggest.json?q=DW%205-Pocket%20Pants&resources[type]=product&resources[limit]=5&resources[options][unavailable_products]=last:http_417
reviewable,22795b6f-8239-4363-a127-1819be03c6e6,山と道,DW 5-Pocket Pants,DW 5-Pocket Pants,yes,yes,,,needs_review,,14800,https://shop.yamatomichi.com/products/dw-5-pocket-pants-w-25so?_pos=2&_sid=49c5a073c&_ss=r,2,,"¥14,800",https://shop.yamatomichi.com/search/suggest.json?q=DW%205-Pocket%20Pants&resources[type]=product&resources[limit]=5&resources[options][unavailable_products]=last:http_417
reviewable,02fcca9e-4a01-49f7-8b42-45e201873ecd,山と道,Light 5-Pocket Pants,Light 5-Pocket Pants,yes,yes,,,needs_review,,45000,https://shop.yamatomichi.com/search?q=Light%205-Pocket%20Pants,3,,"価格 最高価格は¥45,000",https://shop.yamatomichi.com/search/suggest.json?q=Light%205-Pocket%20Pants&resources[type]=product&resources[limit]=5&resources[options][unavailable_products]=last:http_417
reviewable,02fcca9e-4a01-49f7-8b42-45e201873ecd,山と道,Light 5-Pocket Pants,Light 5-Pocket Pants,yes,yes,,,needs_review,,45000,https://shop.yamatomichi.com/search?q=Light+5-Pocket+Pants,3,,"価格 最高価格は¥45,000",https://shop.yamatomichi.com/search/suggest.json?q=Light%205-Pocket%20Pants&resources[type]=product&resources[limit]=5&resources[options][unavailable_products]=last:http_417
reviewable,02fcca9e-4a01-49f7-8b42-45e201873ecd,山と道,Light 5-Pocket Pants,Light 5-Pocket Pants,yes,yes,,,needs_review,,45000,https://shop.yamatomichi.com/search?q=Light%205-Pocket%20Pants&options%5Bprefix%5D=last&sort_by=relevance,3,,"価格 最高価格は¥45,000",https://shop.yamatomichi.com/search/suggest.json?q=Light%205-Pocket%20Pants&resources[type]=product&resources[limit]=5&resources[options][unavailable_products]=last:http_417
reviewable,02fcca9e-4a01-49f7-8b42-45e201873ecd,山と道,Light 5-Pocket Pants,Light 5-Pocket Pants,yes,yes,,,needs_review,,18500,https://shop.yamatomichi.com/products/light-5-pocket-pants-w?_pos=1&_sid=6acc23085&_ss=r,3,,"¥18,500",https://shop.yamatomichi.com/search/suggest.json?q=Light%205-Pocket%20Pants&resources[type]=product&resources[limit]=5&resources[options][unavailable_products]=last:http_417
reviewable,02fcca9e-4a01-49f7-8b42-45e201873ecd,山と道,Light 5-Pocket Pants,Light 5-Pocket Pants,yes,yes,,,needs_review,,14000,https://shop.yamatomichi.com/products/light-5-pocket-pants-w-25so?_pos=2&_sid=6acc23085&_ss=r,3,,"¥14,000",https://shop.yamatomichi.com/search/suggest.json?q=Light%205-Pocket%20Pants&resources[type]=product&resources[limit]=5&resources[options][unavailable_products]=last:http_417
reviewable,205e0589-4658-49ef-aa4b-50d9d415d206,山と道,Light Alpha Tights,Light Alpha Tights,yes,yes,,,needs_review,,13000,https://shop.yamatomichi.com/search?q=Light%20Alpha%20Tights,3,,"価格 最高価格は¥13,000",https://shop.yamatomichi.com/search/suggest.json?q=Light%20Alpha%20Tights&resources[type]=product&resources[limit]=5&resources[options][unavailable_products]=last:http_417
reviewable,205e0589-4658-49ef-aa4b-50d9d415d206,山と道,Light Alpha Tights,Light Alpha Tights,yes,yes,,,needs_review,,13000,https://shop.yamatomichi.com/search?q=Light+Alpha+Tights,3,,"価格 最高価格は¥13,000",https://shop.yamatomichi.com/search/suggest.json?q=Light%20Alpha%20Tights&resources[type]=product&resources[limit]=5&resources[options][unavailable_products]=last:http_417
reviewable,205e0589-4658-49ef-aa4b-50d9d415d206,山と道,Light Alpha Tights,Light Alpha Tights,yes,yes,,,needs_review,,13000,https://shop.yamatomichi.com/search?q=Light%20Alpha%20Tights&options%5Bprefix%5D=last&sort_by=relevance,3,,"価格 最高価格は¥13,000",https://shop.yamatomichi.com/search/suggest.json?q=Light%20Alpha%20Tights&resources[type]=product&resources[limit]=5&resources[options][unavailable_products]=last:http_417
reviewable,205e0589-4658-49ef-aa4b-50d9d415d206,山と道,Light Alpha Tights,Light Alpha Tights,yes,yes,,,needs_review,,13000,https://shop.yamatomichi.com/products/light-alpha-tights?_pos=1&_sid=f45882278&_ss=r,3,,"¥13,000",https://shop.yamatomichi.com/search/suggest.json?q=Light%20Alpha%20Tights&resources[type]=product&resources[limit]=5&resources[options][unavailable_products]=last:http_417
low,205e0589-4658-49ef-aa4b-50d9d415d206,山と道,Light Alpha Tights,Light Alpha Tights,yes,yes,,,needs_review,,,https://shop.yamatomichi.com/pages/light-alpha-tights?_pos=2&_sid=f45882278&_ss=r,3,,,https://shop.yamatomichi.com/search/suggest.json?q=Light%20Alpha%20Tights&resources[type]=product&resources[limit]=5&resources[options][unavailable_products]=last:http_417
reviewable,8ab9fb99-6005-4494-83a0-ee9433887f03,山と道,Merino Knit Cap,Merino Knit Cap,yes,yes,,,needs_review,,26000,https://shop.yamatomichi.com/search?q=Merino%20Knit%20Cap,3,,"価格 最高価格は¥26,000",https://shop.yamatomichi.com/search/suggest.json?q=Merino%20Knit%20Cap&resources[type]=product&resources[limit]=5&resources[options][unavailable_products]=last:http_417
reviewable,8ab9fb99-6005-4494-83a0-ee9433887f03,山と道,Merino Knit Cap,Merino Knit Cap,yes,yes,,,needs_review,,26000,https://shop.yamatomichi.com/search?q=Merino+Knit+Cap,3,,"価格 最高価格は¥26,000",https://shop.yamatomichi.com/search/suggest.json?q=Merino%20Knit%20Cap&resources[type]=product&resources[limit]=5&resources[options][unavailable_products]=last:http_417
reviewable,8ab9fb99-6005-4494-83a0-ee9433887f03,山と道,Merino Knit Cap,Merino Knit Cap,yes,yes,,,needs_review,,26000,https://shop.yamatomichi.com/search?q=Merino%20Knit%20Cap&options%5Bprefix%5D=last&sort_by=relevance,3,,"価格 最高価格は¥26,000",https://shop.yamatomichi.com/search/suggest.json?q=Merino%20Knit%20Cap&resources[type]=product&resources[limit]=5&resources[options][unavailable_products]=last:http_417
reviewable,8ab9fb99-6005-4494-83a0-ee9433887f03,山と道,Merino Knit Cap,Merino Knit Cap,yes,yes,,,needs_review,,5500,https://shop.yamatomichi.com/products/merino-knit-cap?_pos=1&_sid=8827171a4&_ss=r,3,,"¥5,500",https://shop.yamatomichi.com/search/suggest.json?q=Merino%20Knit%20Cap&resources[type]=product&resources[limit]=5&resources[options][unavailable_products]=last:http_417
reviewable,8ab9fb99-6005-4494-83a0-ee9433887f03,山と道,Merino Knit Cap,Merino Knit Cap,yes,yes,,,needs_review,,7000,https://shop.yamatomichi.com/products/merino-cap?_pos=2&_sid=8827171a4&_ss=r,2,,"¥7,000",https://shop.yamatomichi.com/search/suggest.json?q=Merino%20Knit%20Cap&resources[type]=product&resources[limit]=5&resources[options][unavailable_products]=last:http_417
reviewable,a25640e2-7108-417d-a611-415e74239ff0,山と道,Only Hood,Only Hood,yes,yes,,,needs_review,,38000,https://shop.yamatomichi.com/search?q=Only%20Hood,2,,"価格 最高価格は¥38,000",https://shop.yamatomichi.com/search/suggest.json?q=Only%20Hood&resources[type]=product&resources[limit]=5&resources[options][unavailable_products]=last:http_417
reviewable,a25640e2-7108-417d-a611-415e74239ff0,山と道,Only Hood,Only Hood,yes,yes,,,needs_review,,38000,https://shop.yamatomichi.com/search?q=Only+Hood,2,,"価格 最高価格は¥38,000",https://shop.yamatomichi.com/search/suggest.json?q=Only%20Hood&resources[type]=product&resources[limit]=5&resources[options][unavailable_products]=last:http_417
reviewable,a25640e2-7108-417d-a611-415e74239ff0,山と道,Only Hood,Only Hood,yes,yes,,,needs_review,,38000,https://shop.yamatomichi.com/search?q=Only%20Hood&options%5Bprefix%5D=last&sort_by=relevance,2,,"価格 最高価格は¥38,000",https://shop.yamatomichi.com/search/suggest.json?q=Only%20Hood&resources[type]=product&resources[limit]=5&resources[options][unavailable_products]=last:http_417
reviewable,a25640e2-7108-417d-a611-415e74239ff0,山と道,Only Hood,Only Hood,yes,yes,,,needs_review,,4500,https://shop.yamatomichi.com/products/only-hood?_pos=1&_sid=8a96fb3ef&_ss=r,2,,"¥4,500",https://shop.yamatomichi.com/search/suggest.json?q=Only%20Hood&resources[type]=product&resources[limit]=5&resources[options][unavailable_products]=last:http_417
reviewable,a25640e2-7108-417d-a611-415e74239ff0,山と道,Only Hood,Only Hood,yes,yes,,,needs_review,,8000,https://shop.yamatomichi.com/products/light-alpha-only-hood?_pos=2&_sid=8a96fb3ef&_ss=r,2,,"¥8,000",https://shop.yamatomichi.com/search/suggest.json?q=Only%20Hood&resources[type]=product&resources[limit]=5&resources[options][unavailable_products]=last:http_417
reviewable,19aeae13-5b3b-4312-8225-22f57e0e0acd,山と道,UL Short Sleeve Shirt,UL Short Sleeve Shirt,yes,yes,,,needs_review,,19000,https://shop.yamatomichi.com/search?q=UL%20Short%20Sleeve%20Shirt,3,,"価格 最高価格は¥19,000",https://shop.yamatomichi.com/search/suggest.json?q=UL%20Short%20Sleeve%20Shirt&resources[type]=product&resources[limit]=5&resources[options][unavailable_products]=last:http_417
reviewable,19aeae13-5b3b-4312-8225-22f57e0e0acd,山と道,UL Short Sleeve Shirt,UL Short Sleeve Shirt,yes,yes,,,needs_review,,19000,https://shop.yamatomichi.com/search?q=UL+Short+Sleeve+Shirt,3,,"価格 最高価格は¥19,000",https://shop.yamatomichi.com/search/suggest.json?q=UL%20Short%20Sleeve%20Shirt&resources[type]=product&resources[limit]=5&resources[options][unavailable_products]=last:http_417
reviewable,19aeae13-5b3b-4312-8225-22f57e0e0acd,山と道,UL Short Sleeve Shirt,UL Short Sleeve Shirt,yes,yes,,,needs_review,,19000,https://shop.yamatomichi.com/search?q=UL%20Short%20Sleeve%20Shirt&options%5Bprefix%5D=last&sort_by=relevance,3,,"価格 最高価格は¥19,000",https://shop.yamatomichi.com/search/suggest.json?q=UL%20Short%20Sleeve%20Shirt&resources[type]=product&resources[limit]=5&resources[options][unavailable_products]=last:http_417
reviewable,19aeae13-5b3b-4312-8225-22f57e0e0acd,山と道,UL Short Sleeve Shirt,UL Short Sleeve Shirt,yes,yes,,,needs_review,,12000,https://shop.yamatomichi.com/products/ul-short-sleeve-shirt-m?_pos=1&_sid=9dc3c7373&_ss=r,3,,"¥12,000",https://shop.yamatomichi.com/search/suggest.json?q=UL%20Short%20Sleeve%20Shirt&resources[type]=product&resources[limit]=5&resources[options][unavailable_products]=last:http_417
reviewable,19aeae13-5b3b-4312-8225-22f57e0e0acd,山と道,UL Short Sleeve Shirt,UL Short Sleeve Shirt,yes,yes,,,needs_review,,12000,https://shop.yamatomichi.com/products/ul-short-sleeve-shirt-w?_pos=2&_sid=9dc3c7373&_ss=r,3,,"¥12,000",https://shop.yamatomichi.com/search/suggest.json?q=UL%20Short%20Sleeve%20Shirt&resources[type]=product&resources[limit]=5&resources[options][unavailable_products]=last:http_417
