id,brand,name_ja,model,batch_name,source_file,managed_file
c7382ce1-291a-4657-ade2-0b403ab6fe26,Columbia,キャッスルロック25LバックパックII,Castle Rock 25L Backpack II,catalog-first-page-visible,tmp/gear-images/processed/catalog-first-page-visible/c7382ce1-291a-4657-ade2-0b403ab6fe26.png,processed/by-brand-all/Columbia/キャッスルロック25LバックパックII - Castle Rock 25L Backpack II - c7382ce1.png
67ca7d30-5e06-4f12-ad78-540f8616e00b,MILLET,クーラ 30,KULA 30,catalog-first-page-visible,tmp/gear-images/processed/catalog-first-page-visible/67ca7d30-5e06-4f12-ad78-540f8616e00b.png,processed/by-brand-all/MILLET/クーラ 30 - KULA 30 - 67ca7d30.png
b1dfb9a4-8726-4598-8f8b-f9b254003ff5,Mammut,リチウム 20,Lithium 20,catalog-first-page-visible,tmp/gear-images/processed/catalog-first-page-visible/b1dfb9a4-8726-4598-8f8b-f9b254003ff5.png,processed/by-brand-all/Mammut/リチウム 20 - Lithium 20 - b1dfb9a4.png
5656a1c3-9d4f-41f7-9f71-13f0e62b5683,Mammut,リチウム 25,Lithium 25,catalog-first-page-visible,tmp/gear-images/processed/catalog-first-page-visible/5656a1c3-9d4f-41f7-9f71-13f0e62b5683.png,processed/by-brand-all/Mammut/リチウム 25 - Lithium 25 - 5656a1c3.png
421e72e8-2d2d-418d-bcf4-c22cc9f1bf48,Mammut,リチウム 30,Lithium 30,catalog-first-page-visible,tmp/gear-images/processed/catalog-first-page-visible/421e72e8-2d2d-418d-bcf4-c22cc9f1bf48.png,processed/by-brand-all/Mammut/リチウム 30 - Lithium 30 - 421e72e8.png
907deb26-a00d-4f66-ba01-b4d1314fb6f6,山と道,MINI,MINI,catalog-first-page-visible,tmp/gear-images/processed/catalog-first-page-visible/907deb26-a00d-4f66-ba01-b4d1314fb6f6.png,processed/by-brand-all/山と道/MINI - 907deb26.png
6e6729e8-6813-487f-bdf5-76792afdce37,山と道,MINI2,MINI2,catalog-first-page-visible,tmp/gear-images/processed/catalog-first-page-visible/6e6729e8-6813-487f-bdf5-76792afdce37.png,processed/by-brand-all/山と道/MINI2 - 6e6729e8.png
b29f6998-7b4a-4180-b213-2012d76477dd,山と道,ONE,ONE,catalog-first-page-visible,tmp/gear-images/processed/catalog-first-page-visible/b29f6998-7b4a-4180-b213-2012d76477dd.png,processed/by-brand-all/山と道/ONE - b29f6998.png
d467d631-38cb-4b8f-8bee-a86c9e40bcfa,MILLET,サースフェー NX 30+5,SAAS FEE NX 30+5,catalog-first-page-visible,tmp/gear-images/processed/catalog-first-page-visible/d467d631-38cb-4b8f-8bee-a86c9e40bcfa.png,processed/by-brand-all/MILLET/サースフェー NX 30+5 - SAAS FEE NX 30+5 - d467d631.png
79c163a6-d0fa-4016-af42-07d5d56dd254,MILLET,サースフェー NX 40+5,SAAS FEE NX 40+5,catalog-first-page-visible,tmp/gear-images/processed/catalog-first-page-visible/79c163a6-d0fa-4016-af42-07d5d56dd254.png,processed/by-brand-all/MILLET/サースフェー NX 40+5 - SAAS FEE NX 40+5 - 79c163a6.png
b3950d31-612e-4c96-aa9c-5077ded3f09d,山と道,THREE,THREE,catalog-first-page-visible,tmp/gear-images/processed/catalog-first-page-visible/b3950d31-612e-4c96-aa9c-5077ded3f09d.png,processed/by-brand-all/山と道/THREE - b3950d31.png
671b003d-6cdf-4c4c-9975-512953b77270,GREGORY,ズール 30,Zulu 30,catalog-first-page-visible,tmp/gear-images/processed/catalog-first-page-visible/671b003d-6cdf-4c4c-9975-512953b77270.png,processed/by-brand-all/GREGORY/ズール 30 - Zulu 30 - 671b003d.png
76a73e13-d550-40d5-a325-3db3d08d41de,NEMO,Dragonfly OSMO™ 1P,Dragonfly OSMO 1P,catalog-first-page-visible,tmp/gear-images/processed/catalog-first-page-visible/76a73e13-d550-40d5-a325-3db3d08d41de.png,processed/by-brand-all/NEMO/Dragonfly OSMO™ 1P - Dragonfly OSMO 1P - 76a73e13.png
f527b827-fe3f-443c-918d-42a4928a4d93,NEMO,Dragonfly OSMO™ 2P,Dragonfly OSMO 2P,catalog-first-page-visible,tmp/gear-images/processed/catalog-first-page-visible/f527b827-fe3f-443c-918d-42a4928a4d93.png,processed/by-brand-all/NEMO/Dragonfly OSMO™ 2P - Dragonfly OSMO 2P - f527b827.png
3ec06530-57cb-42ab-b2ab-cd7b902eca8b,NEMO,Dragonfly OSMO™ 3P,Dragonfly OSMO 3P,catalog-first-page-visible,tmp/gear-images/processed/catalog-first-page-visible/3ec06530-57cb-42ab-b2ab-cd7b902eca8b.png,processed/by-brand-all/NEMO/Dragonfly OSMO™ 3P - Dragonfly OSMO 3P - 3ec06530.png
6b2ff5cb-608f-47e4-b402-6740c577efa5,NEMO,Hornet™ OSMO™ 1P,Hornet OSMO 1P,catalog-first-page-visible,tmp/gear-images/processed/catalog-first-page-visible/6b2ff5cb-608f-47e4-b402-6740c577efa5.png,processed/by-brand-all/NEMO/Hornet™ OSMO™ 1P - Hornet OSMO 1P - 6b2ff5cb.png
e17a4827-f12e-44ba-8278-bd1e425bc672,NEMO,Tani™ OSMO™ 1P,Tani OSMO 1P,catalog-first-page-visible,tmp/gear-images/processed/catalog-first-page-visible/e17a4827-f12e-44ba-8278-bd1e425bc672.png,processed/by-brand-all/NEMO/Tani™ OSMO™ 1P - Tani OSMO 1P - e17a4827.png
32adc51e-9fbe-4a77-8869-2266f40e5692,finetrack,カミナドーム1,カミナドーム1,catalog-first-page-visible,tmp/gear-images/processed/catalog-first-page-visible/32adc51e-9fbe-4a77-8869-2266f40e5692.png,processed/by-brand-all/finetrack/カミナドーム1 - 32adc51e.png
2e1ddc3a-da38-4e7c-8945-3a636f0e328a,finetrack,カミナドーム2,カミナドーム2,catalog-first-page-visible,tmp/gear-images/processed/catalog-first-page-visible/2e1ddc3a-da38-4e7c-8945-3a636f0e328a.png,processed/by-brand-all/finetrack/カミナドーム2 - 2e1ddc3a.png
48b8f3a1-b189-4e0c-8302-04e667cf9010,finetrack,カミナドーム4,カミナドーム4,catalog-first-page-visible,tmp/gear-images/processed/catalog-first-page-visible/48b8f3a1-b189-4e0c-8302-04e667cf9010.png,processed/by-brand-all/finetrack/カミナドーム4 - 48b8f3a1.png
19837f12-fc7a-4f4d-abc5-72d961c8a36d,finetrack,カミナモノポール1,カミナモノポール1,catalog-first-page-visible,tmp/gear-images/processed/catalog-first-page-visible/19837f12-fc7a-4f4d-abc5-72d961c8a36d.png,processed/by-brand-all/finetrack/カミナモノポール1 - 19837f12.png
bce09673-644a-4b49-baf0-ef6b5e962642,finetrack,カミナモノポール2,カミナモノポール2,catalog-first-page-visible,tmp/gear-images/processed/catalog-first-page-visible/bce09673-644a-4b49-baf0-ef6b5e962642.png,processed/by-brand-all/finetrack/カミナモノポール2 - bce09673.png
9514f16a-658b-4f9b-97de-9ca230a9501b,NEMO,Fillo™,Fillo,catalog-first-page-visible,tmp/gear-images/processed/catalog-first-page-visible/9514f16a-658b-4f9b-97de-9ca230a9501b.png,processed/by-brand-all/NEMO/Fillo™ - Fillo - 9514f16a.png
213b0565-8926-4ace-9d94-6826c50c1754,NEMO,Fillo™ Elite,Fillo Elite,catalog-first-page-visible,tmp/gear-images/processed/catalog-first-page-visible/213b0565-8926-4ace-9d94-6826c50c1754.png,processed/by-brand-all/NEMO/Fillo™ Elite - Fillo Elite - 213b0565.png
95d65bdc-442b-4c1f-8937-15ad450605da,NEMO,Fillo™ Elite Wide,Fillo Elite Wide,catalog-first-page-visible,tmp/gear-images/processed/catalog-first-page-visible/95d65bdc-442b-4c1f-8937-15ad450605da.png,processed/by-brand-all/NEMO/Fillo™ Elite Wide - Fillo Elite Wide - 95d65bdc.png
bb67aec0-f9c2-4a30-9e84-237e03332717,Therm-a-Rest,NeoAir XLite NXT MAX レギュラーワイド,NeoAir XLite NXT MAX Regular Wide,catalog-first-page-visible,tmp/gear-images/processed/catalog-first-page-visible/bb67aec0-f9c2-4a30-9e84-237e03332717.png,processed/by-brand-all/Therm-a-Rest/NeoAir XLite NXT MAX レギュラーワイド - NeoAir XLite NXT MAX Regular Wide - bb67aec0.png
06258fba-df94-48fe-9c47-dab2b378d1cd,Therm-a-Rest,NeoAir XLite NXT レギュラー,NeoAir XLite NXT Regular,catalog-first-page-visible,tmp/gear-images/processed/catalog-first-page-visible/06258fba-df94-48fe-9c47-dab2b378d1cd.png,processed/by-brand-all/Therm-a-Rest/NeoAir XLite NXT レギュラー - NeoAir XLite NXT Regular - 06258fba.png
04b7c025-b597-4d8c-8834-257084f778ea,Therm-a-Rest,NeoAir XTherm NXT MAX レギュラーワイド,NeoAir XTherm NXT MAX Regular Wide,catalog-first-page-visible,tmp/gear-images/processed/catalog-first-page-visible/04b7c025-b597-4d8c-8834-257084f778ea.png,processed/by-brand-all/Therm-a-Rest/NeoAir XTherm NXT MAX レギュラーワイド - NeoAir XTherm NXT MAX Regular Wide - 04b7c025.png
70408436-1a10-4260-b839-b9e192ac71c8,Therm-a-Rest,NeoAir XTherm NXT レギュラー,NeoAir XTherm NXT Regular,catalog-first-page-visible,tmp/gear-images/processed/catalog-first-page-visible/70408436-1a10-4260-b839-b9e192ac71c8.png,processed/by-brand-all/Therm-a-Rest/NeoAir XTherm NXT レギュラー - NeoAir XTherm NXT Regular - 70408436.png
a875c87d-88b1-4f3c-a693-aee4ebf0a2f2,Therm-a-Rest,Original Z Lite,Original Z Lite,catalog-first-page-visible,tmp/gear-images/processed/catalog-first-page-visible/a875c87d-88b1-4f3c-a693-aee4ebf0a2f2.png,processed/by-brand-all/Therm-a-Rest/Original Z Lite - a875c87d.png
8db39943-cdf0-4db0-8780-b9e9b845e003,山と道,Pack Liner (3pcs.),Pack Liner (3pcs.),catalog-first-page-visible,tmp/gear-images/processed/catalog-first-page-visible/8db39943-cdf0-4db0-8780-b9e9b845e003.png,processed/by-brand-all/山と道/Pack Liner (3pcs.) - 8db39943.png
59273438-5547-4588-8681-0db8468f528a,Therm-a-Rest,ProLite Apex レギュラー,ProLite Apex Regular,catalog-first-page-visible,tmp/gear-images/processed/catalog-first-page-visible/59273438-5547-4588-8681-0db8468f528a.png,processed/by-brand-all/Therm-a-Rest/ProLite Apex レギュラー - ProLite Apex Regular - 59273438.png
3cfa4e4f-b7cb-488d-ad57-88e778a880bc,Therm-a-Rest,ProLite Plus レギュラー,ProLite Plus Regular,catalog-first-page-visible,tmp/gear-images/processed/catalog-first-page-visible/3cfa4e4f-b7cb-488d-ad57-88e778a880bc.png,processed/by-brand-all/Therm-a-Rest/ProLite Plus レギュラー - ProLite Plus Regular - 3cfa4e4f.png
4a312956-857a-4aca-9046-d8e8a083aab7,Therm-a-Rest,RidgeRest Classic レギュラー,RidgeRest Classic Regular,catalog-first-page-visible,tmp/gear-images/processed/catalog-first-page-visible/4a312956-857a-4aca-9046-d8e8a083aab7.png,processed/by-brand-all/Therm-a-Rest/RidgeRest Classic レギュラー - RidgeRest Classic Regular - 4a312956.png
71dd593e-f4a5-400d-a859-db589a6a7af6,Caravan,C1_02S,C1_02S,catalog-first-page-visible,tmp/gear-images/processed/catalog-first-page-visible/71dd593e-f4a5-400d-a859-db589a6a7af6.png,processed/by-brand-all/Caravan/C1_02S - 71dd593e.png
e9c40673-76bb-4c0f-b11f-17880158fc7b,Caravan,C4_03,C4_03,catalog-first-page-visible,tmp/gear-images/processed/catalog-first-page-visible/e9c40673-76bb-4c0f-b11f-17880158fc7b.png,processed/by-brand-all/Caravan/C4_03 - e9c40673.png
a507f563-20a2-4054-bdb7-3169a6bff066,THE NORTH FACE,クライムライトジャケット（メンズ）,クライムライトジャケット（メンズ）,catalog-first-page-visible,tmp/gear-images/processed/catalog-first-page-visible/a507f563-20a2-4054-bdb7-3169a6bff066.png,processed/by-brand-all/THE NORTH FACE/クライムライトジャケット（メンズ） - a507f563.png
80ce0129-c378-43a5-abeb-8cb02a77e0d2,mont-bell,サンダーパス ジャケット Men's,サンダーパス ジャケット Men's,catalog-first-page-visible,tmp/gear-images/processed/catalog-first-page-visible/80ce0129-c378-43a5-abeb-8cb02a77e0d2.png,processed/by-brand-all/mont-bell/サンダーパス ジャケット Men's - 80ce0129.png
53b0a75a-e1ab-4bd2-b919-6890689bbbb7,mont-bell,サンダーパス ジャケット Women's,サンダーパス ジャケット Women's,catalog-first-page-visible,tmp/gear-images/processed/catalog-first-page-visible/53b0a75a-e1ab-4bd2-b919-6890689bbbb7.png,processed/by-brand-all/mont-bell/サンダーパス ジャケット Women's - 53b0a75a.png
f68a999f-21d4-4091-9dc1-ad33b32019b4,mont-bell,サンダーパス パンツ Men's,サンダーパス パンツ Men's,catalog-first-page-visible,tmp/gear-images/processed/catalog-first-page-visible/f68a999f-21d4-4091-9dc1-ad33b32019b4.png,processed/by-brand-all/mont-bell/サンダーパス パンツ Men's - f68a999f.png
9fafe576-5c27-47d2-bd85-f1c85add260f,mont-bell,ストームクルーザー ジャケット Men's,ストームクルーザー ジャケット Men's,catalog-first-page-visible,tmp/gear-images/processed/catalog-first-page-visible/9fafe576-5c27-47d2-bd85-f1c85add260f.png,processed/by-brand-all/mont-bell/ストームクルーザー ジャケット Men's - 9fafe576.png
f443c9f3-dea8-4fb0-ab75-0f865d11e5e2,mont-bell,ストームクルーザー ジャケット Women's,ストームクルーザー ジャケット Women's,catalog-first-page-visible,tmp/gear-images/processed/catalog-first-page-visible/f443c9f3-dea8-4fb0-ab75-0f865d11e5e2.png,processed/by-brand-all/mont-bell/ストームクルーザー ジャケット Women's - f443c9f3.png
435673ae-ac0e-4fe0-9f67-32b5671c8be7,mont-bell,ストームクルーザー パンツ Men's,ストームクルーザー パンツ Men's,catalog-first-page-visible,tmp/gear-images/processed/catalog-first-page-visible/435673ae-ac0e-4fe0-9f67-32b5671c8be7.png,processed/by-brand-all/mont-bell/ストームクルーザー パンツ Men's - 435673ae.png
d798689b-450c-4bbb-8340-f218e580a8df,mont-bell,ストームクルーザー パンツ Women's,ストームクルーザー パンツ Women's,catalog-first-page-visible,tmp/gear-images/processed/catalog-first-page-visible/d798689b-450c-4bbb-8340-f218e580a8df.png,processed/by-brand-all/mont-bell/ストームクルーザー パンツ Women's - d798689b.png
1360c2cf-7dca-449f-b747-f71388d8c14f,THE NORTH FACE,ストライクトレイルジャケット（メンズ）,ストライクトレイルジャケット（メンズ）,catalog-first-page-visible,tmp/gear-images/processed/catalog-first-page-visible/1360c2cf-7dca-449f-b747-f71388d8c14f.png,processed/by-brand-all/THE NORTH FACE/ストライクトレイルジャケット（メンズ） - 1360c2cf.png
ed4d1461-8ecc-4b95-9ca3-34896ded4dfc,THE NORTH FACE,ストライクトレイルジャケット（レディース）,ストライクトレイルジャケット（レディース）,catalog-first-page-visible,tmp/gear-images/processed/catalog-first-page-visible/ed4d1461-8ecc-4b95-9ca3-34896ded4dfc.png,processed/by-brand-all/THE NORTH FACE/ストライクトレイルジャケット（レディース） - ed4d1461.png
b9503f94-6fd7-48e0-b86b-b7b7b22978cb,mont-bell,バーサライト ジャケット Men's,バーサライト ジャケット Men's,catalog-first-page-visible,tmp/gear-images/processed/catalog-first-page-visible/b9503f94-6fd7-48e0-b86b-b7b7b22978cb.png,processed/by-brand-all/mont-bell/バーサライト ジャケット Men's - b9503f94.png
ed14cea0-5df6-4f2a-a632-5835899e5355,mont-bell,バーサライト ジャケット Women's,バーサライト ジャケット Women's,catalog-first-page-visible,tmp/gear-images/processed/catalog-first-page-visible/ed14cea0-5df6-4f2a-a632-5835899e5355.png,processed/by-brand-all/mont-bell/バーサライト ジャケット Women's - ed14cea0.png
3755f48c-66c1-49d6-b6eb-f49d5172e9f7,SOTO,マイクロレギュレーターストーブ ウインドマスター SOD-310,SOD-310,catalog-first-page-visible,tmp/gear-images/processed/catalog-first-page-visible/3755f48c-66c1-49d6-b6eb-f49d5172e9f7.png,processed/by-brand-all/SOTO/マイクロレギュレーターストーブ ウインドマスター SOD-310 - SOD-310 - 3755f48c.png
eaf7f11b-ca65-4c4e-a009-16bfe896263a,SOTO,アミカス SOD-320,SOD-320,catalog-first-page-visible,tmp/gear-images/processed/catalog-first-page-visible/eaf7f11b-ca65-4c4e-a009-16bfe896263a.png,processed/by-brand-all/SOTO/アミカス SOD-320 - SOD-320 - eaf7f11b.png
0e5648f7-14f7-4dc0-b993-f37ed6ad0b3a,SOTO,マイクロレギュレーターストーブ FUSION Trek SOD-331,SOD-331,catalog-first-page-visible,tmp/gear-images/processed/catalog-first-page-visible/0e5648f7-14f7-4dc0-b993-f37ed6ad0b3a.png,processed/by-brand-all/SOTO/マイクロレギュレーターストーブ FUSION Trek SOD-331 - SOD-331 - 0e5648f7.png
c1c994ba-fe91-4c5f-956e-73868a51a05b,SOTO,ウインドマスター専用4本ゴトク フォーフレックス,SOD-460,catalog-first-page-visible,tmp/gear-images/processed/catalog-first-page-visible/c1c994ba-fe91-4c5f-956e-73868a51a05b.png,processed/by-brand-all/SOTO/ウインドマスター専用4本ゴトク フォーフレックス - SOD-460 - c1c994ba.png
35a903f9-785e-435f-aa76-934bfa9f1d93,SOTO,サーモスタック,SOD-520,catalog-first-page-visible,tmp/gear-images/processed/catalog-first-page-visible/35a903f9-785e-435f-aa76-934bfa9f1d93.png,processed/by-brand-all/SOTO/サーモスタック - SOD-520 - 35a903f9.png
0e6a56df-6bab-48ed-bc16-d1f415843062,SOTO,サーモスタッククッカーコンボ,SOD-521,catalog-first-page-visible,tmp/gear-images/processed/catalog-first-page-visible/0e6a56df-6bab-48ed-bc16-d1f415843062.png,processed/by-brand-all/SOTO/サーモスタッククッカーコンボ - SOD-521 - 0e6a56df.png
e505785b-9546-4a0d-a1bf-97d5b91cd985,SOTO,サーモライト,SOD-522,catalog-first-page-visible,tmp/gear-images/processed/catalog-first-page-visible/e505785b-9546-4a0d-a1bf-97d5b91cd985.png,processed/by-brand-all/SOTO/サーモライト - SOD-522 - e505785b.png
78ca16da-5e8b-426c-8619-543643713b3b,SOTO,スチームライスクッカー ITADAKI(イタダキ),SOD-523,catalog-first-page-visible,tmp/gear-images/processed/catalog-first-page-visible/78ca16da-5e8b-426c-8619-543643713b3b.png,processed/by-brand-all/SOTO/スチームライスクッカー ITADAKI(イタダキ) - SOD-523 - 78ca16da.png
1f7ebae0-64c8-490e-898d-edda4d15922b,SOTO,チタンマグ450,SOD-532,catalog-first-page-visible,tmp/gear-images/processed/catalog-first-page-visible/1f7ebae0-64c8-490e-898d-edda4d15922b.png,processed/by-brand-all/SOTO/チタンマグ450 - SOD-532 - 1f7ebae0.png
1cb0a832-4c9c-477e-9e5d-4b79fc10b9bd,SOTO,チタンマグ600,SOD-533,catalog-first-page-visible,tmp/gear-images/processed/catalog-first-page-visible/1cb0a832-4c9c-477e-9e5d-4b79fc10b9bd.png,processed/by-brand-all/SOTO/チタンマグ600 - SOD-533 - 1cb0a832.png
ee82dfbd-7122-4bed-9403-0dcc51748280,SOTO,パワーガス105トリプルミックス,SOD-710T,catalog-first-page-visible,tmp/gear-images/processed/catalog-first-page-visible/ee82dfbd-7122-4bed-9403-0dcc51748280.png,processed/by-brand-all/SOTO/パワーガス105トリプルミックス - SOD-710T - ee82dfbd.png
e1686322-bed9-4f87-8934-b8013c036453,SOTO,パワーガス250トリプルミックス,SOD-725T,catalog-first-page-visible,tmp/gear-images/processed/catalog-first-page-visible/e1686322-bed9-4f87-8934-b8013c036453.png,processed/by-brand-all/SOTO/パワーガス250トリプルミックス - SOD-725T - e1686322.png
8a686a94-deed-492a-8e8c-e666fa0669d9,Petzl,ACTIK,ACTIK,catalog-first-page-visible,tmp/gear-images/processed/catalog-first-page-visible/8a686a94-deed-492a-8e8c-e666fa0669d9.png,processed/by-brand-all/Petzl/ACTIK - 8a686a94.png
26784443-9cdb-495a-90e6-4b60a892ca59,Petzl,ACTIK CORE,ACTIK CORE,catalog-first-page-visible,tmp/gear-images/processed/catalog-first-page-visible/26784443-9cdb-495a-90e6-4b60a892ca59.png,processed/by-brand-all/Petzl/ACTIK CORE - 26784443.png
7920db57-54b5-47f7-ab93-d1d2c5e26350,Garmin,eTrex SE,eTrex SE,catalog-first-page-visible,tmp/gear-images/processed/catalog-first-page-visible/7920db57-54b5-47f7-ab93-d1d2c5e26350.png,processed/by-brand-all/Garmin/eTrex SE - 7920db57.png
c887dd96-c94f-465e-8367-92eeda7bd0b1,mont-bell,EXパワーヘッドランプ,EXパワーヘッドランプ,catalog-first-page-visible,tmp/gear-images/processed/catalog-first-page-visible/c887dd96-c94f-465e-8367-92eeda7bd0b1.png,processed/by-brand-all/mont-bell/EXパワーヘッドランプ - c887dd96.png
b91e74c9-0290-4807-a621-2b39dad8dad9,Petzl,IKO CORE,IKO CORE,catalog-first-page-visible,tmp/gear-images/processed/catalog-first-page-visible/b91e74c9-0290-4807-a621-2b39dad8dad9.png,processed/by-brand-all/Petzl/IKO CORE - b91e74c9.png
73172134-dca1-48fb-9811-e51e59221b9f,Petzl,SWIFT RL,SWIFT RL,catalog-first-page-visible,tmp/gear-images/processed/catalog-first-page-visible/73172134-dca1-48fb-9811-e51e59221b9f.png,processed/by-brand-all/Petzl/SWIFT RL - 73172134.png
640eed16-030e-46eb-950a-b9ef91b63b11,mont-bell,L.W.インナーグローブ Men's,L.W.インナーグローブ Men's,catalog-first-page-visible,tmp/gear-images/processed/catalog-first-page-visible/640eed16-030e-46eb-950a-b9ef91b63b11.png,processed/by-brand-all/mont-bell/L.W.インナーグローブ Men's - 640eed16.png
d4ce6133-3fef-438e-b28e-4e8708ca8f20,mont-bell,L.W.チェーンスパイク,L.W.チェーンスパイク,catalog-first-page-visible,tmp/gear-images/processed/catalog-first-page-visible/d4ce6133-3fef-438e-b28e-4e8708ca8f20.png,processed/by-brand-all/mont-bell/L.W.チェーンスパイク - d4ce6133.png
4638a66f-389c-4783-ab0e-d9af3de782e9,山と道,Stuff Pack,Stuff Pack,catalog-first-page-visible,tmp/gear-images/processed/catalog-first-page-visible/4638a66f-389c-4783-ab0e-d9af3de782e9.png,processed/by-brand-all/山と道/Stuff Pack - 4638a66f.png
84a27cf9-b4ef-4758-ac9a-27a5456aca67,山と道,Yamatomichi Sacoche,Yamatomichi Sacoche,catalog-first-page-visible,tmp/gear-images/processed/catalog-first-page-visible/84a27cf9-b4ef-4758-ac9a-27a5456aca67.png,processed/by-brand-all/山と道/Yamatomichi Sacoche - 84a27cf9.png
ca109ad9-2ef8-41ce-b1aa-311cdc2ad15e,山と道,Zip Pack,Zip Pack,catalog-first-page-visible,tmp/gear-images/processed/catalog-first-page-visible/ca109ad9-2ef8-41ce-b1aa-311cdc2ad15e.png,processed/by-brand-all/山と道/Zip Pack - ca109ad9.png
5f095fd2-14d0-4d86-b13f-f35bc204d6d6,mont-bell,アルパイン カーボンポール,アルパイン カーボンポール,catalog-first-page-visible,tmp/gear-images/processed/catalog-first-page-visible/5f095fd2-14d0-4d86-b13f-f35bc204d6d6.png,processed/by-brand-all/mont-bell/アルパイン カーボンポール - 5f095fd2.png
2f1b2fef-c59f-43b7-bbe4-6e22b11a59f8,Black Diamond,アストロ300-R,アストロ300-R,catalog-brand-existing-visible,tmp/gear-images/processed/catalog-brand-existing-visible/2f1b2fef-c59f-43b7-bbe4-6e22b11a59f8.png,processed/by-brand-all/Black Diamond/アストロ300-R - 2f1b2fef.png
b9044ada-2cd3-484b-b18f-f61ef26ce419,Black Diamond,ガイドグローブ,ガイドグローブ,catalog-brand-existing-visible,tmp/gear-images/processed/catalog-brand-existing-visible/b9044ada-2cd3-484b-b18f-f61ef26ce419.png,processed/by-brand-all/Black Diamond/ガイドグローブ - b9044ada.png
ac1c592e-90cc-43b7-8f6b-1d97740864fd,Black Diamond,キャピタンE,キャピタンE,catalog-brand-existing-visible,tmp/gear-images/processed/catalog-brand-existing-visible/ac1c592e-90cc-43b7-8f6b-1d97740864fd.png,processed/by-brand-all/Black Diamond/キャピタンE - ac1c592e.png
ba3ddad5-f0b7-4db0-8ed3-f3dac1332104,Black Diamond,コズモ350,コズモ350,catalog-brand-existing-visible,tmp/gear-images/processed/catalog-brand-existing-visible/ba3ddad5-f0b7-4db0-8ed3-f3dac1332104.png,processed/by-brand-all/Black Diamond/コズモ350 - ba3ddad5.png
012c8512-7a8b-450b-8573-251c7be4b8c8,Black Diamond,コズモ350-R,コズモ350-R,catalog-brand-existing-visible,tmp/gear-images/processed/catalog-brand-existing-visible/012c8512-7a8b-450b-8573-251c7be4b8c8.png,processed/by-brand-all/Black Diamond/コズモ350-R - 012c8512.png
083cb815-82b5-4270-bc8a-eaaf6d969d5b,Black Diamond,コンタクト ストラップ,コンタクト ストラップ,catalog-brand-existing-visible,tmp/gear-images/processed/catalog-brand-existing-visible/083cb815-82b5-4270-bc8a-eaaf6d969d5b.png,processed/by-brand-all/Black Diamond/コンタクト ストラップ - 083cb815.png
02163389-ca2b-4734-a7e7-515802fa4bd4,Black Diamond,サイボーグ プロ,サイボーグ プロ,catalog-brand-existing-visible,tmp/gear-images/processed/catalog-brand-existing-visible/02163389-ca2b-4734-a7e7-515802fa4bd4.png,processed/by-brand-all/Black Diamond/サイボーグ プロ - 02163389.png
54eabf33-d3cd-4b39-b88b-311b9147dec2,Black Diamond,ストーム450,ストーム450,catalog-brand-existing-visible,tmp/gear-images/processed/catalog-brand-existing-visible/54eabf33-d3cd-4b39-b88b-311b9147dec2.png,processed/by-brand-all/Black Diamond/ストーム450 - 54eabf33.png
b66c770c-8a36-43ce-955c-9fd7e9db896e,Black Diamond,ストーム500-R,ストーム500-R,catalog-brand-existing-visible,tmp/gear-images/processed/catalog-brand-existing-visible/b66c770c-8a36-43ce-955c-9fd7e9db896e.png,processed/by-brand-all/Black Diamond/ストーム500-R - b66c770c.png
68515b6d-60cf-4e86-a2aa-354882913265,Black Diamond,スピード22,スピード22,catalog-brand-existing-visible,tmp/gear-images/processed/catalog-brand-existing-visible/68515b6d-60cf-4e86-a2aa-354882913265.png,processed/by-brand-all/Black Diamond/スピード22 - 68515b6d.png
75a8d5a1-a3c7-40a3-81d4-8cff830735ef,Black Diamond,スピード30,スピード30,catalog-brand-existing-visible,tmp/gear-images/processed/catalog-brand-existing-visible/75a8d5a1-a3c7-40a3-81d4-8cff830735ef.png,processed/by-brand-all/Black Diamond/スピード30 - 75a8d5a1.png
e0c93b9d-2298-4d4a-95bc-84f448f9d131,Black Diamond,スピード40,スピード40,catalog-brand-existing-visible,tmp/gear-images/processed/catalog-brand-existing-visible/e0c93b9d-2298-4d4a-95bc-84f448f9d131.png,processed/by-brand-all/Black Diamond/スピード40 - e0c93b9d.png
8d0fc6d4-f1ae-499f-9c30-13c127e96992,Black Diamond,スポット400,スポット400,catalog-brand-existing-visible,tmp/gear-images/processed/catalog-brand-existing-visible/8d0fc6d4-f1ae-499f-9c30-13c127e96992.png,processed/by-brand-all/Black Diamond/スポット400 - 8d0fc6d4.png
e9c3c6a1-530b-4535-9d03-5ad3524be2cd,Black Diamond,スポット400-R,スポット400-R,catalog-brand-existing-visible,tmp/gear-images/processed/catalog-brand-existing-visible/e9c3c6a1-530b-4535-9d03-5ad3524be2cd.png,processed/by-brand-all/Black Diamond/スポット400-R - e9c3c6a1.png
b7a39e18-93fa-4c68-83b9-41ee5469d63b,Black Diamond,セイバートゥース プロ,セイバートゥース プロ,catalog-brand-existing-visible,tmp/gear-images/processed/catalog-brand-existing-visible/b7a39e18-93fa-4c68-83b9-41ee5469d63b.png,processed/by-brand-all/Black Diamond/セイバートゥース プロ - b7a39e18.png
f5b334e7-7c49-4d20-9fcb-8b2080eeecfb,Black Diamond,セラック クリップ,セラック クリップ,catalog-brand-existing-visible,tmp/gear-images/processed/catalog-brand-existing-visible/f5b334e7-7c49-4d20-9fcb-8b2080eeecfb.png,processed/by-brand-all/Black Diamond/セラック クリップ - f5b334e7.png
30967eb4-3875-460e-bc6e-8a7f40e27527,Black Diamond,セラック ストラップ,セラック ストラップ,catalog-brand-existing-visible,tmp/gear-images/processed/catalog-brand-existing-visible/30967eb4-3875-460e-bc6e-8a7f40e27527.png,processed/by-brand-all/Black Diamond/セラック ストラップ - 30967eb4.png
41a4c501-7e8c-4a2d-bc65-b5ef79e45dc1,Black Diamond,ソロイストグローブ,ソロイストグローブ,catalog-brand-existing-visible,tmp/gear-images/processed/catalog-brand-existing-visible/41a4c501-7e8c-4a2d-bc65-b5ef79e45dc1.png,processed/by-brand-all/Black Diamond/ソロイストグローブ - 41a4c501.png
a1c9c69e-c2a7-4a14-8067-9bf0674b755a,Black Diamond,ディスタンス1500,ディスタンス1500,catalog-brand-existing-visible,tmp/gear-images/processed/catalog-brand-existing-visible/a1c9c69e-c2a7-4a14-8067-9bf0674b755a.png,processed/by-brand-all/Black Diamond/ディスタンス1500 - a1c9c69e.png
e40dd023-208f-4588-a42c-73d88514ac25,Black Diamond,ディスタンスLT1100,ディスタンスLT1100,catalog-brand-existing-visible,tmp/gear-images/processed/catalog-brand-existing-visible/e40dd023-208f-4588-a42c-73d88514ac25.png,processed/by-brand-all/Black Diamond/ディスタンスLT1100 - e40dd023.png
ec5796b8-3cf6-4c01-b849-208c1fec2a5a,Black Diamond,ディスタンスZ,ディスタンスZ,catalog-brand-existing-visible,tmp/gear-images/processed/catalog-brand-existing-visible/ec5796b8-3cf6-4c01-b849-208c1fec2a5a.png,processed/by-brand-all/Black Diamond/ディスタンスZ - ec5796b8.png
035078c0-b02d-4b48-90cb-f00dedbc33b9,Black Diamond,ディスタンスカーボンFLZ,ディスタンスカーボンFLZ,catalog-brand-existing-visible,tmp/gear-images/processed/catalog-brand-existing-visible/035078c0-b02d-4b48-90cb-f00dedbc33b9.png,processed/by-brand-all/Black Diamond/ディスタンスカーボンFLZ - 035078c0.png
42746d92-2bba-49c2-b078-8ecce950f414,Black Diamond,ディスタンスカーボンZ,ディスタンスカーボンZ,catalog-brand-existing-visible,tmp/gear-images/processed/catalog-brand-existing-visible/42746d92-2bba-49c2-b078-8ecce950f414.png,processed/by-brand-all/Black Diamond/ディスタンスカーボンZ - 42746d92.png
699ae3b8-114f-4828-a913-7ec17d96008d,Black Diamond,ディスタンスカーボンZ FKT,ディスタンスカーボンZ FKT,catalog-brand-existing-visible,tmp/gear-images/processed/catalog-brand-existing-visible/699ae3b8-114f-4828-a913-7ec17d96008d.png,processed/by-brand-all/Black Diamond/ディスタンスカーボンZ FKT - 699ae3b8.png
8d26302c-f71f-45ab-a28d-e6dcd2811114,Black Diamond,ディプロイ325,ディプロイ325,catalog-brand-existing-visible,tmp/gear-images/processed/catalog-brand-existing-visible/8d26302c-f71f-45ab-a28d-e6dcd2811114.png,processed/by-brand-all/Black Diamond/ディプロイ325 - 8d26302c.png
e28139e0-a2e7-4545-8887-3009a6cc5ffc,Black Diamond,ディプロイウィンドフードグローブ,ディプロイウィンドフードグローブ,catalog-brand-existing-visible,tmp/gear-images/processed/catalog-brand-existing-visible/e28139e0-a2e7-4545-8887-3009a6cc5ffc.png,processed/by-brand-all/Black Diamond/ディプロイウィンドフードグローブ - e28139e0.png
5048da87-4df5-44bc-96f7-c4ef2ce9ecf3,Black Diamond,ディプロイグローブ,ディプロイグローブ,catalog-brand-existing-visible,tmp/gear-images/processed/catalog-brand-existing-visible/5048da87-4df5-44bc-96f7-c4ef2ce9ecf3.png,processed/by-brand-all/Black Diamond/ディプロイグローブ - 5048da87.png
9a330df7-3e19-4575-a073-6046621a7f84,Black Diamond,トレイル,トレイル,catalog-brand-existing-visible,tmp/gear-images/processed/catalog-brand-existing-visible/9a330df7-3e19-4575-a073-6046621a7f84.png,processed/by-brand-all/Black Diamond/トレイル - 9a330df7.png
4e4e5f35-6a9e-48c5-8151-bfdc762f13d2,Black Diamond,トレイルバック,トレイルバック,catalog-brand-existing-visible,tmp/gear-images/processed/catalog-brand-existing-visible/4e4e5f35-6a9e-48c5-8151-bfdc762f13d2.png,processed/by-brand-all/Black Diamond/トレイルバック - 4e4e5f35.png
510371ed-7807-48ac-8171-4da7377c8c8f,Black Diamond,トレイルビスタ20,トレイルビスタ20,catalog-brand-existing-visible,tmp/gear-images/processed/catalog-brand-existing-visible/510371ed-7807-48ac-8171-4da7377c8c8f.png,processed/by-brand-all/Black Diamond/トレイルビスタ20 - 510371ed.png
236bf030-9c1e-4cef-a611-9a43babb53e9,Black Diamond,トレイルビスタ28,トレイルビスタ28,catalog-brand-existing-visible,tmp/gear-images/processed/catalog-brand-existing-visible/236bf030-9c1e-4cef-a611-9a43babb53e9.png,processed/by-brand-all/Black Diamond/トレイルビスタ28 - 236bf030.png
b638d162-55be-4ae2-a3e0-c75593bc7aa0,Black Diamond,トレイルビスタFLZ,トレイルビスタFLZ,catalog-brand-existing-visible,tmp/gear-images/processed/catalog-brand-existing-visible/b638d162-55be-4ae2-a3e0-c75593bc7aa0.png,processed/by-brand-all/Black Diamond/トレイルビスタFLZ - b638d162.png
9346bc3a-c82f-459e-8a7e-8ef304624961,Black Diamond,ネーベ ストラップ,ネーベ ストラップ,catalog-brand-existing-visible,tmp/gear-images/processed/catalog-brand-existing-visible/9346bc3a-c82f-459e-8a7e-8ef304624961.png,processed/by-brand-all/Black Diamond/ネーベ ストラップ - 9346bc3a.png
9a3bf812-d83e-489b-9ac4-bac07af8cb1b,Black Diamond,ネーベ プロ,ネーベ プロ,catalog-brand-existing-visible,tmp/gear-images/processed/catalog-brand-existing-visible/9a3bf812-d83e-489b-9ac4-bac07af8cb1b.png,processed/by-brand-all/Black Diamond/ネーベ プロ - 9a3bf812.png
65a0c105-b964-4500-9618-28eea07f9951,Black Diamond,パーシュートカーボンFLZ,パーシュートカーボンFLZ,catalog-brand-existing-visible,tmp/gear-images/processed/catalog-brand-existing-visible/65a0c105-b964-4500-9618-28eea07f9951.png,processed/by-brand-all/Black Diamond/パーシュートカーボンFLZ - 65a0c105.png
9bd1eefd-59d4-4305-a3a3-e21031bedd1c,Black Diamond,ハーフドーム,ハーフドーム,catalog-brand-existing-visible,tmp/gear-images/processed/catalog-brand-existing-visible/9bd1eefd-59d4-4305-a3a3-e21031bedd1c.png,processed/by-brand-all/Black Diamond/ハーフドーム - 9bd1eefd.png
71fca4da-1626-4f99-a240-36bd33ebc393,Black Diamond,ハーフドーム ウィメンズ,ハーフドーム ウィメンズ,catalog-brand-existing-visible,tmp/gear-images/processed/catalog-brand-existing-visible/71fca4da-1626-4f99-a240-36bd33ebc393.png,processed/by-brand-all/Black Diamond/ハーフドーム ウィメンズ - 71fca4da.png
8cad2910-3c87-4a81-9923-dd72413d1d63,Black Diamond,ハイブリッドライトグローブ,ハイブリッドライトグローブ,catalog-brand-existing-visible,tmp/gear-images/processed/catalog-brand-existing-visible/8cad2910-3c87-4a81-9923-dd72413d1d63.png,processed/by-brand-all/Black Diamond/ハイブリッドライトグローブ - 8cad2910.png
68037d5a-ec2b-4efe-97d8-226830d1c780,Black Diamond,ビジョン,ビジョン,catalog-brand-existing-visible,tmp/gear-images/processed/catalog-brand-existing-visible/68037d5a-ec2b-4efe-97d8-226830d1c780.png,processed/by-brand-all/Black Diamond/ビジョン - 68037d5a.png
82923d32-a686-49d5-b40d-1a9c79a23169,Black Diamond,ビジョン MIPS,ビジョン MIPS,catalog-brand-existing-visible,tmp/gear-images/processed/catalog-brand-existing-visible/82923d32-a686-49d5-b40d-1a9c79a23169.png,processed/by-brand-all/Black Diamond/ビジョン MIPS - 82923d32.png
a4019591-f88f-40f1-a894-3289e4e81a95,Black Diamond,ブリッツ20,ブリッツ20,catalog-brand-existing-visible,tmp/gear-images/processed/catalog-brand-existing-visible/a4019591-f88f-40f1-a894-3289e4e81a95.png,processed/by-brand-all/Black Diamond/ブリッツ20 - a4019591.png
e1781e4b-0177-4890-942d-50fef4a73958,Black Diamond,ブリッツ28,ブリッツ28,catalog-brand-existing-visible,tmp/gear-images/processed/catalog-brand-existing-visible/e1781e4b-0177-4890-942d-50fef4a73958.png,processed/by-brand-all/Black Diamond/ブリッツ28 - e1781e4b.png
add26c8d-42b3-4090-ba2d-99bdb82585a1,Black Diamond,ベイパー,ベイパー,catalog-brand-existing-visible,tmp/gear-images/processed/catalog-brand-existing-visible/add26c8d-42b3-4090-ba2d-99bdb82585a1.png,processed/by-brand-all/Black Diamond/ベイパー - add26c8d.png
4e05a8b4-9fb1-4ab8-ba8a-fa58cd17e860,Black Diamond,ベノム アッズ,ベノム アッズ,catalog-brand-existing-visible,tmp/gear-images/processed/catalog-brand-existing-visible/4e05a8b4-9fb1-4ab8-ba8a-fa58cd17e860.png,processed/by-brand-all/Black Diamond/ベノム アッズ - 4e05a8b4.png
64d2f750-678f-43fc-a17e-6c2f3ef19da5,Black Diamond,ベノムLT クラシック,ベノムLT クラシック,catalog-brand-existing-visible,tmp/gear-images/processed/catalog-brand-existing-visible/64d2f750-678f-43fc-a17e-6c2f3ef19da5.png,processed/by-brand-all/Black Diamond/ベノムLT クラシック - 64d2f750.png
6eb39336-f220-49cf-ac6a-8eb81a08c09e,Black Diamond,ヘビーウェイト スクリーンタップライナー,ヘビーウェイト スクリーンタップライナー,catalog-brand-existing-visible,tmp/gear-images/processed/catalog-brand-existing-visible/6eb39336-f220-49cf-ac6a-8eb81a08c09e.png,processed/by-brand-all/Black Diamond/ヘビーウェイト スクリーンタップライナー - 6eb39336.png
08e2c811-39d8-4020-8c93-b12345bb8f64,Black Diamond,ミッション55,ミッション55,catalog-brand-existing-visible,tmp/gear-images/processed/catalog-brand-existing-visible/08e2c811-39d8-4020-8c93-b12345bb8f64.png,processed/by-brand-all/Black Diamond/ミッション55 - 08e2c811.png
5d9c589d-28ac-4203-9f10-9168bde370c3,Black Diamond,ミッドウェイト スクリーンタップライナー,ミッドウェイト スクリーンタップライナー,catalog-brand-existing-visible,tmp/gear-images/processed/catalog-brand-existing-visible/5d9c589d-28ac-4203-9f10-9168bde370c3.png,processed/by-brand-all/Black Diamond/ミッドウェイト スクリーンタップライナー - 5d9c589d.png
d7fb87ba-9032-4a1b-a523-18e778f5b68a,Black Diamond,ライトウェイト スクリーンタップライナー,ライトウェイト スクリーンタップライナー,catalog-brand-existing-visible,tmp/gear-images/processed/catalog-brand-existing-visible/d7fb87ba-9032-4a1b-a523-18e778f5b68a.png,processed/by-brand-all/Black Diamond/ライトウェイト スクリーンタップライナー - d7fb87ba.png
bf19f828-80ed-4df8-a780-9aa0b50a4f6b,Black Diamond,レイブン,レイブン,catalog-brand-existing-visible,tmp/gear-images/processed/catalog-brand-existing-visible/bf19f828-80ed-4df8-a780-9aa0b50a4f6b.png,processed/by-brand-all/Black Diamond/レイブン - bf19f828.png
512e6e13-aeb9-4265-8f4a-7b3bbb2eee50,Black Diamond,レイブン ウィズ グリップ,レイブン ウィズ グリップ,catalog-brand-existing-visible,tmp/gear-images/processed/catalog-brand-existing-visible/512e6e13-aeb9-4265-8f4a-7b3bbb2eee50.png,processed/by-brand-all/Black Diamond/レイブン ウィズ グリップ - 512e6e13.png
ec5bd946-c861-448e-873d-ec7b9d225f5b,Black Diamond,レイブンプロ,レイブンプロ,catalog-brand-existing-visible,tmp/gear-images/processed/catalog-brand-existing-visible/ec5bd946-c861-448e-873d-ec7b9d225f5b.png,processed/by-brand-all/Black Diamond/レイブンプロ - ec5bd946.png
3f9dad5b-91a5-4a71-b806-9a2809b5965f,ISUKA,アルファライト NEO 300,アルファライト NEO 300,catalog-brand-existing-visible,tmp/gear-images/processed/catalog-brand-existing-visible/3f9dad5b-91a5-4a71-b806-9a2809b5965f.png,processed/by-brand-all/ISUKA/アルファライト NEO 300 - 3f9dad5b.png
2fa5b7ae-58e6-4afd-a1d5-a5d096d885f7,ISUKA,アルファライト NEO 500,アルファライト NEO 500,catalog-brand-existing-visible,tmp/gear-images/processed/catalog-brand-existing-visible/2fa5b7ae-58e6-4afd-a1d5-a5d096d885f7.png,processed/by-brand-all/ISUKA/アルファライト NEO 500 - 2fa5b7ae.png
6c3281dd-5f2c-41a0-94e8-132e6b6662c6,ISUKA,エアドライト 290,エアドライト 290,catalog-brand-existing-visible,tmp/gear-images/processed/catalog-brand-existing-visible/6c3281dd-5f2c-41a0-94e8-132e6b6662c6.png,processed/by-brand-all/ISUKA/エアドライト 290 - 6c3281dd.png
d9ba9f4b-2b5e-422c-bc7c-efffc2d30664,ISUKA,エアドライト 480,エアドライト 480,catalog-brand-existing-visible,tmp/gear-images/processed/catalog-brand-existing-visible/d9ba9f4b-2b5e-422c-bc7c-efffc2d30664.png,processed/by-brand-all/ISUKA/エアドライト 480 - d9ba9f4b.png
518932e0-692e-46bd-94d7-d023c9d2f31f,ISUKA,エアドライト 670,エアドライト 670,catalog-brand-existing-visible,tmp/gear-images/processed/catalog-brand-existing-visible/518932e0-692e-46bd-94d7-d023c9d2f31f.png,processed/by-brand-all/ISUKA/エアドライト 670 - 518932e0.png
52d6fb91-0502-4865-940e-f8b95e1d49cc,ISUKA,エアドライト 860,エアドライト 860,catalog-brand-existing-visible,tmp/gear-images/processed/catalog-brand-existing-visible/52d6fb91-0502-4865-940e-f8b95e1d49cc.png,processed/by-brand-all/ISUKA/エアドライト 860 - 52d6fb91.png
0daabc19-1dcb-478a-9f8c-32f28b49a786,ISUKA,エアプラス 280,エアプラス 280,catalog-brand-existing-visible,tmp/gear-images/processed/catalog-brand-existing-visible/0daabc19-1dcb-478a-9f8c-32f28b49a786.png,processed/by-brand-all/ISUKA/エアプラス 280 - 0daabc19.png
28e31191-604d-418e-96e9-062c47415feb,ISUKA,エアプラス 450,エアプラス 450,catalog-brand-existing-visible,tmp/gear-images/processed/catalog-brand-existing-visible/28e31191-604d-418e-96e9-062c47415feb.png,processed/by-brand-all/ISUKA/エアプラス 450 - 28e31191.png
5d13ecf7-4914-423c-b370-cf2eeb759053,ISUKA,エアプラス 630,エアプラス 630,catalog-brand-existing-visible,tmp/gear-images/processed/catalog-brand-existing-visible/5d13ecf7-4914-423c-b370-cf2eeb759053.png,processed/by-brand-all/ISUKA/エアプラス 630 - 5d13ecf7.png
89a1e403-26e2-4278-b572-8012160c7faa,ISUKA,エアプラス 810,エアプラス 810,catalog-brand-existing-visible,tmp/gear-images/processed/catalog-brand-existing-visible/89a1e403-26e2-4278-b572-8012160c7faa.png,processed/by-brand-all/ISUKA/エアプラス 810 - 89a1e403.png
6243c1fa-7e60-4480-b560-ece79c1807f8,ISUKA,ダウンプラス チロル X,ダウンプラス チロル X,catalog-brand-existing-visible,tmp/gear-images/processed/catalog-brand-existing-visible/6243c1fa-7e60-4480-b560-ece79c1807f8.png,processed/by-brand-all/ISUKA/ダウンプラス チロル X - 6243c1fa.png
e8904e1d-64e5-41af-87f2-4ef4df8d3cf9,ISUKA,ダウンプラス ポカラ X,ダウンプラス ポカラ X,catalog-brand-existing-visible,tmp/gear-images/processed/catalog-brand-existing-visible/e8904e1d-64e5-41af-87f2-4ef4df8d3cf9.png,processed/by-brand-all/ISUKA/ダウンプラス ポカラ X - e8904e1d.png
457633c0-9e2d-4ed6-a595-76daf7ac7138,NANGA,UDD バッグ 380DX,UDD バッグ 380DX,catalog-brand-existing-visible,tmp/gear-images/processed/catalog-brand-existing-visible/457633c0-9e2d-4ed6-a595-76daf7ac7138.png,processed/by-brand-all/NANGA/UDD バッグ 380DX - 457633c0.png
f1bfa303-8e78-4dbb-9dde-a12f640edcb9,NANGA,UDD バッグ 450DX,UDD バッグ 450DX,catalog-brand-existing-visible,tmp/gear-images/processed/catalog-brand-existing-visible/f1bfa303-8e78-4dbb-9dde-a12f640edcb9.png,processed/by-brand-all/NANGA/UDD バッグ 450DX - f1bfa303.png
8a440f17-7076-4848-8c34-03a7a901ea81,NANGA,UDD バッグ 630DX,UDD バッグ 630DX,catalog-brand-existing-visible,tmp/gear-images/processed/catalog-brand-existing-visible/8a440f17-7076-4848-8c34-03a7a901ea81.png,processed/by-brand-all/NANGA/UDD バッグ 630DX - 8a440f17.png
3ef9b4cd-08e1-4551-abb1-b5ba9be0b733,NANGA,UDD バッグ 810DX,UDD バッグ 810DX,catalog-brand-existing-visible,tmp/gear-images/processed/catalog-brand-existing-visible/3ef9b4cd-08e1-4551-abb1-b5ba9be0b733.png,processed/by-brand-all/NANGA/UDD バッグ 810DX - 3ef9b4cd.png
cacec7b1-0a4b-42a9-b081-8cd4ca90b29d,NANGA,オーロラテックス ライト350DX,オーロラテックス ライト350DX,catalog-brand-existing-visible,tmp/gear-images/processed/catalog-brand-existing-visible/cacec7b1-0a4b-42a9-b081-8cd4ca90b29d.png,processed/by-brand-all/NANGA/オーロラテックス ライト350DX - cacec7b1.png
0a2dabc4-d03b-4e44-8b48-f486961c0f9e,NANGA,オーロラテックス ライト450DX,オーロラテックス ライト450DX,catalog-brand-existing-visible,tmp/gear-images/processed/catalog-brand-existing-visible/0a2dabc4-d03b-4e44-8b48-f486961c0f9e.png,processed/by-brand-all/NANGA/オーロラテックス ライト450DX - 0a2dabc4.png
91fdf5a5-4d5f-4203-9131-92d580782a2a,NANGA,オーロラテックス ライト600DX,オーロラテックス ライト600DX,catalog-brand-existing-visible,tmp/gear-images/processed/catalog-brand-existing-visible/91fdf5a5-4d5f-4203-9131-92d580782a2a.png,processed/by-brand-all/NANGA/オーロラテックス ライト600DX - 91fdf5a5.png
f0387fec-7f32-4b01-9aca-ee8fa61f559a,NANGA,オーロラテックス ライト750DX,オーロラテックス ライト750DX,catalog-brand-existing-visible,tmp/gear-images/processed/catalog-brand-existing-visible/f0387fec-7f32-4b01-9aca-ee8fa61f559a.png,processed/by-brand-all/NANGA/オーロラテックス ライト750DX - f0387fec.png
1972efbb-0142-4c58-ac95-52570ec78ab2,NANGA,オーロラテックス ライト900DX,オーロラテックス ライト900DX,catalog-brand-existing-visible,tmp/gear-images/processed/catalog-brand-existing-visible/1972efbb-0142-4c58-ac95-52570ec78ab2.png,processed/by-brand-all/NANGA/オーロラテックス ライト900DX - 1972efbb.png
f6b5b4d6-69fb-4954-b040-ccd0cc0b1146,NANGA,ミニマリスム 5ビロー,ミニマリスム 5ビロー,catalog-brand-existing-visible,tmp/gear-images/processed/catalog-brand-existing-visible/f6b5b4d6-69fb-4954-b040-ccd0cc0b1146.png,processed/by-brand-all/NANGA/ミニマリスム 5ビロー - f6b5b4d6.png
23bfee9d-28d5-4941-a2c5-86d9808203e1,NANGA,ミニマリスム ゼロ,ミニマリスム ゼロ,catalog-brand-existing-visible,tmp/gear-images/processed/catalog-brand-existing-visible/23bfee9d-28d5-4941-a2c5-86d9808203e1.png,processed/by-brand-all/NANGA/ミニマリスム ゼロ - 23bfee9d.png
94b32515-ed01-4831-beb1-9e93af372f7b,NANGA,レベル8 -13 オーロラテックス ライト,レベル8 -13 オーロラテックス ライト,catalog-brand-existing-visible,tmp/gear-images/processed/catalog-brand-existing-visible/94b32515-ed01-4831-beb1-9e93af372f7b.png,processed/by-brand-all/NANGA/レベル8 -13 オーロラテックス ライト - 94b32515.png
6cb0d9b4-c709-447b-a263-0a7a68bf41ab,THE NORTH FACE,アークティック48,アークティック48,catalog-brand-existing-visible,tmp/gear-images/processed/catalog-brand-existing-visible/6cb0d9b4-c709-447b-a263-0a7a68bf41ab.png,processed/by-brand-all/THE NORTH FACE/アークティック48 - 6cb0d9b4.png
07cfc779-a54a-481b-afd4-796c4ed293cc,THE NORTH FACE,エタ 30,エタ 30,catalog-brand-existing-visible,tmp/gear-images/processed/catalog-brand-existing-visible/07cfc779-a54a-481b-afd4-796c4ed293cc.png,processed/by-brand-all/THE NORTH FACE/エタ 30 - 07cfc779.png
8e060d40-fd3c-4f26-a7b5-16d20246ae23,THE NORTH FACE,エタ 40,エタ 40,catalog-brand-existing-visible,tmp/gear-images/processed/catalog-brand-existing-visible/8e060d40-fd3c-4f26-a7b5-16d20246ae23.png,processed/by-brand-all/THE NORTH FACE/エタ 40 - 8e060d40.png
001fe9e4-5704-4e36-b615-8301185993d7,THE NORTH FACE,エフピー26,エフピー26,catalog-brand-existing-visible,tmp/gear-images/processed/catalog-brand-existing-visible/001fe9e4-5704-4e36-b615-8301185993d7.png,processed/by-brand-all/THE NORTH FACE/エフピー26 - 001fe9e4.png
00837b12-fb36-4d28-8902-20fa2b14c0f9,THE NORTH FACE,クレストン ネオ ミッド ゴアテックス（ユニセックス）,クレストン ネオ ミッド ゴアテックス（ユニセックス）,catalog-brand-existing-visible,tmp/gear-images/processed/catalog-brand-existing-visible/00837b12-fb36-4d28-8902-20fa2b14c0f9.png,processed/by-brand-all/THE NORTH FACE/クレストン ネオ ミッド ゴアテックス（ユニセックス） - 00837b12.png
60f4b47d-9b8f-4028-8042-908aed07c107,THE NORTH FACE,クレストン ハイク ウォータープルーフ（メンズ）,クレストン ハイク ウォータープルーフ（メンズ）,catalog-brand-existing-visible,tmp/gear-images/processed/catalog-brand-existing-visible/60f4b47d-9b8f-4028-8042-908aed07c107.png,processed/by-brand-all/THE NORTH FACE/クレストン ハイク ウォータープルーフ（メンズ） - 60f4b47d.png
3c31e9a1-e452-430d-9494-1670c62e79f9,THE NORTH FACE,クレストン ハイク ウォータープルーフ（レディース）,クレストン ハイク ウォータープルーフ（レディース）,catalog-brand-existing-visible,tmp/gear-images/processed/catalog-brand-existing-visible/3c31e9a1-e452-430d-9494-1670c62e79f9.png,processed/by-brand-all/THE NORTH FACE/クレストン ハイク ウォータープルーフ（レディース） - 3c31e9a1.png
ac22ace5-1e03-4f04-bc5f-0ce02ae22ba5,THE NORTH FACE,クレストン ハイク ミッド ウォータープルーフ（メンズ）,クレストン ハイク ミッド ウォータープルーフ（メンズ）,catalog-brand-existing-visible,tmp/gear-images/processed/catalog-brand-existing-visible/ac22ace5-1e03-4f04-bc5f-0ce02ae22ba5.png,processed/by-brand-all/THE NORTH FACE/クレストン ハイク ミッド ウォータープルーフ（メンズ） - ac22ace5.png
cc0a0f0f-e5cf-492f-b4af-60e6a9fcbe5a,THE NORTH FACE,クレストン ハイク ミッド ウォータープルーフ（レディース）,クレストン ハイク ミッド ウォータープルーフ（レディース）,catalog-brand-existing-visible,tmp/gear-images/processed/catalog-brand-existing-visible/cc0a0f0f-e5cf-492f-b4af-60e6a9fcbe5a.png,processed/by-brand-all/THE NORTH FACE/クレストン ハイク ミッド ウォータープルーフ（レディース） - cc0a0f0f.png
5e9f598e-fac2-4674-b423-9c3c0dd68f25,THE NORTH FACE,コブラ65,コブラ65,catalog-brand-existing-visible,tmp/gear-images/processed/catalog-brand-existing-visible/5e9f598e-fac2-4674-b423-9c3c0dd68f25.png,processed/by-brand-all/THE NORTH FACE/コブラ65 - 5e9f598e.png
b0b926f3-cf7a-4bd8-b200-2fb7f35156fb,THE NORTH FACE,サミットAMK25,サミットAMK25,catalog-brand-existing-visible,tmp/gear-images/processed/catalog-brand-existing-visible/b0b926f3-cf7a-4bd8-b200-2fb7f35156fb.png,processed/by-brand-all/THE NORTH FACE/サミットAMK25 - b0b926f3.png
5367383b-7c25-4faa-8513-c04899620096,THE NORTH FACE,サミットAMK40,サミットAMK40,catalog-brand-existing-visible,tmp/gear-images/processed/catalog-brand-existing-visible/5367383b-7c25-4faa-8513-c04899620096.png,processed/by-brand-all/THE NORTH FACE/サミットAMK40 - 5367383b.png
7524143e-daa1-42eb-8337-8a6d0ee107b2,THE NORTH FACE,サミットAMK55,サミットAMK55,catalog-brand-existing-visible,tmp/gear-images/processed/catalog-brand-existing-visible/7524143e-daa1-42eb-8337-8a6d0ee107b2.png,processed/by-brand-all/THE NORTH FACE/サミットAMK55 - 7524143e.png
23b8f34c-1e5b-4520-8cbe-543b52134d0b,THE NORTH FACE,サミットAMKスーパーライトー1,サミットAMKスーパーライトー1,catalog-brand-existing-visible,tmp/gear-images/processed/catalog-brand-existing-visible/23b8f34c-1e5b-4520-8cbe-543b52134d0b.png,processed/by-brand-all/THE NORTH FACE/サミットAMKスーパーライトー1 - 23b8f34c.png
8d149386-c824-4ab1-bc0e-becb4cfe3459,THE NORTH FACE,サム 35,サム 35,catalog-brand-existing-visible,tmp/gear-images/processed/catalog-brand-existing-visible/8d149386-c824-4ab1-bc0e-becb4cfe3459.png,processed/by-brand-all/THE NORTH FACE/サム 35 - 8d149386.png
89c3a83f-7aa5-4a80-8d87-1b95c61a8a65,THE NORTH FACE,サム 45,サム 45,catalog-brand-existing-visible,tmp/gear-images/processed/catalog-brand-existing-visible/89c3a83f-7aa5-4a80-8d87-1b95c61a8a65.png,processed/by-brand-all/THE NORTH FACE/サム 45 - 89c3a83f.png
9d9955a3-c5bf-4662-a3d6-9630ca85dae1,THE NORTH FACE,サンダージャケット（メンズ）,サンダージャケット（メンズ）,catalog-brand-existing-visible,tmp/gear-images/processed/catalog-brand-existing-visible/9d9955a3-c5bf-4662-a3d6-9630ca85dae1.png,processed/by-brand-all/THE NORTH FACE/サンダージャケット（メンズ） - 9d9955a3.png
22c40e61-744c-4806-8a0a-db65b562a1d9,THE NORTH FACE,サンダーラウンドネックジャケット（メンズ）,サンダーラウンドネックジャケット（メンズ）,catalog-brand-existing-visible,tmp/gear-images/processed/catalog-brand-existing-visible/22c40e61-744c-4806-8a0a-db65b562a1d9.png,processed/by-brand-all/THE NORTH FACE/サンダーラウンドネックジャケット（メンズ） - 22c40e61.png
bcfd61e4-7aa4-4f4e-9b58-322696561a66,THE NORTH FACE,チュガッチ35,チュガッチ35,catalog-brand-existing-visible,tmp/gear-images/processed/catalog-brand-existing-visible/bcfd61e4-7aa4-4f4e-9b58-322696561a66.png,processed/by-brand-all/THE NORTH FACE/チュガッチ35 - bcfd61e4.png
f4284055-c2c9-41d5-afa8-cf7aff22ef80,THE NORTH FACE,チュガッチガイド45,チュガッチガイド45,catalog-brand-existing-visible,tmp/gear-images/processed/catalog-brand-existing-visible/f4284055-c2c9-41d5-afa8-cf7aff22ef80.png,processed/by-brand-all/THE NORTH FACE/チュガッチガイド45 - f4284055.png
c728ea81-17af-41ef-8b0c-792a28d3c5ae,THE NORTH FACE,テルス35,テルス35,catalog-brand-existing-visible,tmp/gear-images/processed/catalog-brand-existing-visible/c728ea81-17af-41ef-8b0c-792a28d3c5ae.png,processed/by-brand-all/THE NORTH FACE/テルス35 - c728ea81.png
65226b66-000b-4055-8ce9-769dcaf1e5cb,THE NORTH FACE,テルス45,テルス45,catalog-brand-existing-visible,tmp/gear-images/processed/catalog-brand-existing-visible/65226b66-000b-4055-8ce9-769dcaf1e5cb.png,processed/by-brand-all/THE NORTH FACE/テルス45 - 65226b66.png
3c2f8fca-311d-474a-b223-504637168135,THE NORTH FACE,テルスエアー 22,テルスエアー 22,catalog-brand-existing-visible,tmp/gear-images/processed/catalog-brand-existing-visible/3c2f8fca-311d-474a-b223-504637168135.png,processed/by-brand-all/THE NORTH FACE/テルスエアー 22 - 3c2f8fca.png
7f27b5dc-5c50-4543-a148-bb309945b6c2,THE NORTH FACE,テルスエアー 35,テルスエアー 35,catalog-brand-existing-visible,tmp/gear-images/processed/catalog-brand-existing-visible/7f27b5dc-5c50-4543-a148-bb309945b6c2.png,processed/by-brand-all/THE NORTH FACE/テルスエアー 35 - 7f27b5dc.png
61ca0bae-0af4-4542-8449-92f0365c5c30,THE NORTH FACE,ノーム28,ノーム28,catalog-brand-existing-visible,tmp/gear-images/processed/catalog-brand-existing-visible/61ca0bae-0af4-4542-8449-92f0365c5c30.png,processed/by-brand-all/THE NORTH FACE/ノーム28 - 61ca0bae.png
6d9e21b0-029b-403e-b3e4-884366a0af7f,THE NORTH FACE,ノーム38,ノーム38,catalog-brand-existing-visible,tmp/gear-images/processed/catalog-brand-existing-visible/6d9e21b0-029b-403e-b3e4-884366a0af7f.png,processed/by-brand-all/THE NORTH FACE/ノーム38 - 6d9e21b0.png
e72fcc98-e19c-4789-9e70-e008b0aa4369,THE NORTH FACE,ファクター 28,ファクター 28,catalog-brand-existing-visible,tmp/gear-images/processed/catalog-brand-existing-visible/e72fcc98-e19c-4789-9e70-e008b0aa4369.png,processed/by-brand-all/THE NORTH FACE/ファクター 28 - e72fcc98.png
c4fb1516-8527-4640-9009-f5cf7cb9d853,THE NORTH FACE,ファントム38,ファントム38,catalog-brand-existing-visible,tmp/gear-images/processed/catalog-brand-existing-visible/c4fb1516-8527-4640-9009-f5cf7cb9d853.png,processed/by-brand-all/THE NORTH FACE/ファントム38 - c4fb1516.png
cf40003c-51c6-4b80-8caa-30d35d1ee41a,THE NORTH FACE,ファントム50,ファントム50,catalog-brand-existing-visible,tmp/gear-images/processed/catalog-brand-existing-visible/cf40003c-51c6-4b80-8caa-30d35d1ee41a.png,processed/by-brand-all/THE NORTH FACE/ファントム50 - cf40003c.png
801dd5bb-d4b2-4574-9921-36429dc3d097,THE NORTH FACE,フットプリント/マウンテンショット1,フットプリント/マウンテンショット1,catalog-brand-existing-visible,tmp/gear-images/processed/catalog-brand-existing-visible/801dd5bb-d4b2-4574-9921-36429dc3d097.png,processed/by-brand-all/THE NORTH FACE/フットプリント マウンテンショット1 - 801dd5bb.png
2c8eb353-52e5-48eb-bdce-9b037e192055,THE NORTH FACE,フットプリント/マウンテンショット2,フットプリント/マウンテンショット2,catalog-brand-existing-visible,tmp/gear-images/processed/catalog-brand-existing-visible/2c8eb353-52e5-48eb-bdce-9b037e192055.png,processed/by-brand-all/THE NORTH FACE/フットプリント マウンテンショット2 - 2c8eb353.png
7d32d3b4-6001-4419-bd3a-b437c588b508,THE NORTH FACE,フューチャーライトドリズルジャケット（メンズ）,フューチャーライトドリズルジャケット（メンズ）,catalog-brand-existing-visible,tmp/gear-images/processed/catalog-brand-existing-visible/7d32d3b4-6001-4419-bd3a-b437c588b508.png,processed/by-brand-all/THE NORTH FACE/フューチャーライトドリズルジャケット（メンズ） - 7d32d3b4.png
23f32f03-0399-4680-9395-8500d6536fd1,THE NORTH FACE,フューチャーライトトレイルピークジャケット（ユニセックス）,フューチャーライトトレイルピークジャケット（ユニセックス）,catalog-brand-existing-visible,tmp/gear-images/processed/catalog-brand-existing-visible/23f32f03-0399-4680-9395-8500d6536fd1.png,processed/by-brand-all/THE NORTH FACE/フューチャーライトトレイルピークジャケット（ユニセックス） - 23f32f03.png
71ebebac-bcde-4d66-bdcb-fa8186a0904d,THE NORTH FACE,ベクティブ サプル ゴアテックス（ユニセックス）,ベクティブ サプル ゴアテックス（ユニセックス）,catalog-brand-existing-visible,tmp/gear-images/processed/catalog-brand-existing-visible/71ebebac-bcde-4d66-bdcb-fa8186a0904d.png,processed/by-brand-all/THE NORTH FACE/ベクティブ サプル ゴアテックス（ユニセックス） - 71ebebac.png
457f303c-77e9-4928-aa1b-57085d10fcfb,THE NORTH FACE,ベクティブ バーサ（ユニセックス）,ベクティブ バーサ（ユニセックス）,catalog-brand-existing-visible,tmp/gear-images/processed/catalog-brand-existing-visible/457f303c-77e9-4928-aa1b-57085d10fcfb.png,processed/by-brand-all/THE NORTH FACE/ベクティブ バーサ（ユニセックス） - 457f303c.png
73e3c092-f674-46f8-8ba8-c1558445290b,THE NORTH FACE,ベクティブ フォワード（ユニセックス）,ベクティブ フォワード（ユニセックス）,catalog-brand-existing-visible,tmp/gear-images/processed/catalog-brand-existing-visible/73e3c092-f674-46f8-8ba8-c1558445290b.png,processed/by-brand-all/THE NORTH FACE/ベクティブ フォワード（ユニセックス） - 73e3c092.png
22bfbf1a-677e-4783-b964-37df58990eed,THE NORTH FACE,ベクティブ ブリーズ 2（ユニセックス）,ベクティブ ブリーズ 2（ユニセックス）,catalog-brand-existing-visible,tmp/gear-images/processed/catalog-brand-existing-visible/22bfbf1a-677e-4783-b964-37df58990eed.png,processed/by-brand-all/THE NORTH FACE/ベクティブ ブリーズ 2（ユニセックス） - 22bfbf1a.png
02678a4a-6428-41fc-be88-8538ad80a627,THE NORTH FACE,ベクティブ ブリーズ DCF（ユニセックス）,ベクティブ ブリーズ DCF（ユニセックス）,catalog-brand-existing-visible,tmp/gear-images/processed/catalog-brand-existing-visible/02678a4a-6428-41fc-be88-8538ad80a627.png,processed/by-brand-all/THE NORTH FACE/ベクティブ ブリーズ DCF（ユニセックス） - 02678a4a.png
1b7aab48-ae76-4d43-848b-17eb144b9fc8,THE NORTH FACE,マウンテングローリー1,マウンテングローリー1,catalog-brand-existing-visible,tmp/gear-images/processed/catalog-brand-existing-visible/1b7aab48-ae76-4d43-848b-17eb144b9fc8.png,processed/by-brand-all/THE NORTH FACE/マウンテングローリー1 - 1b7aab48.png
6d7d3482-4c16-4944-906d-f2db5ab932e9,THE NORTH FACE,マウンテングローリー2,マウンテングローリー2,catalog-brand-existing-visible,tmp/gear-images/processed/catalog-brand-existing-visible/6d7d3482-4c16-4944-906d-f2db5ab932e9.png,processed/by-brand-all/THE NORTH FACE/マウンテングローリー2 - 6d7d3482.png
016cd4de-d7c8-43d0-9797-3e6735c5bc9d,THE NORTH FACE,マウンテンショット1,マウンテンショット1,catalog-brand-existing-visible,tmp/gear-images/processed/catalog-brand-existing-visible/016cd4de-d7c8-43d0-9797-3e6735c5bc9d.png,processed/by-brand-all/THE NORTH FACE/マウンテンショット1 - 016cd4de.png
4bffe1dd-80ae-4e2b-ad0d-e1a0cef0c6e8,THE NORTH FACE,マウンテンショット2,マウンテンショット2,catalog-brand-existing-visible,tmp/gear-images/processed/catalog-brand-existing-visible/4bffe1dd-80ae-4e2b-ad0d-e1a0cef0c6e8.png,processed/by-brand-all/THE NORTH FACE/マウンテンショット2 - 4bffe1dd.png
68e78634-87b2-4f7e-8afd-f28774e30957,THE NORTH FACE,ミュアー60,ミュアー60,catalog-brand-existing-visible,tmp/gear-images/processed/catalog-brand-existing-visible/68e78634-87b2-4f7e-8afd-f28774e30957.png,processed/by-brand-all/THE NORTH FACE/ミュアー60 - 68e78634.png
92a3b431-78a9-4b2b-9783-877480a8d647,Caravan,GK_ALT HI,GK_ALT HI,catalog-remaining-existing-visible,tmp/gear-images/processed/catalog-remaining-existing-visible/92a3b431-78a9-4b2b-9783-877480a8d647.png,processed/by-brand-all/Caravan/GK_ALT HI - 92a3b431.png
22028a69-bf0a-4f8d-a205-52e23ef46865,Caravan,GK85,GK85,catalog-remaining-existing-visible,tmp/gear-images/processed/catalog-remaining-existing-visible/22028a69-bf0a-4f8d-a205-52e23ef46865.png,processed/by-brand-all/Caravan/GK85 - 22028a69.png
3abf2d19-5abc-45e4-acfe-867c17ef99c3,Caravan,GK8X_FFF,GK8X_FFF,catalog-remaining-existing-visible,tmp/gear-images/processed/catalog-remaining-existing-visible/3abf2d19-5abc-45e4-acfe-867c17ef99c3.png,processed/by-brand-all/Caravan/GK8X_FFF - 3abf2d19.png
4cc3465e-dead-4b06-9bde-7f372b9dd27e,Columbia,セイバー シックス ミッド アウトドライ ワイド,Saber Six Mid Outdry Wide,catalog-remaining-existing-visible,tmp/gear-images/processed/catalog-remaining-existing-visible/4cc3465e-dead-4b06-9bde-7f372b9dd27e.png,processed/by-brand-all/Columbia/セイバー シックス ミッド アウトドライ ワイド - Saber Six Mid Outdry Wide - 4cc3465e.png
0a762cc1-6236-4826-853d-d3f17ed1c3f8,Columbia,セイバー シックス ロー アウトドライ ワイド,Saber Six Low Outdry Wide,catalog-remaining-existing-visible,tmp/gear-images/processed/catalog-remaining-existing-visible/0a762cc1-6236-4826-853d-d3f17ed1c3f8.png,processed/by-brand-all/Columbia/セイバー シックス ロー アウトドライ ワイド - Saber Six Low Outdry Wide - 0a762cc1.png
92e9d564-5071-4557-a807-0e5c21c7f9ea,finetrack,ゴージュタープ,ゴージュタープ,catalog-remaining-existing-visible,tmp/gear-images/processed/catalog-remaining-existing-visible/92e9d564-5071-4557-a807-0e5c21c7f9ea.png,processed/by-brand-all/finetrack/ゴージュタープ - 92e9d564.png
127d46dd-40ca-4f33-8248-15a702950190,finetrack,ゴージュタープミニ,ゴージュタープミニ,catalog-remaining-existing-visible,tmp/gear-images/processed/catalog-remaining-existing-visible/127d46dd-40ca-4f33-8248-15a702950190.png,processed/by-brand-all/finetrack/ゴージュタープミニ - 127d46dd.png
1046a172-2d21-4004-96bd-228b8209e991,finetrack,ツエルト1,ツエルト1,catalog-remaining-existing-visible,tmp/gear-images/processed/catalog-remaining-existing-visible/1046a172-2d21-4004-96bd-228b8209e991.png,processed/by-brand-all/finetrack/ツエルト1 - 1046a172.png
ad0ea239-891d-4f0c-a49f-39c3172d804c,finetrack,ツエルト2ロング,ツエルト2ロング,catalog-remaining-existing-visible,tmp/gear-images/processed/catalog-remaining-existing-visible/ad0ea239-891d-4f0c-a49f-39c3172d804c.png,processed/by-brand-all/finetrack/ツエルト2ロング - ad0ea239.png
a32a825c-0ad6-4a05-9459-12c2ba87a1d5,finetrack,ピコシェルター,ピコシェルター,catalog-remaining-existing-visible,tmp/gear-images/processed/catalog-remaining-existing-visible/a32a825c-0ad6-4a05-9459-12c2ba87a1d5.png,processed/by-brand-all/finetrack/ピコシェルター - a32a825c.png
3a4280c0-1b98-4d9f-ba0d-420ea60c13a6,MILLET,ドライナミック メッシュ NS クルー,Drynamic Mesh NS,catalog-remaining-existing-visible,tmp/gear-images/processed/catalog-remaining-existing-visible/3a4280c0-1b98-4d9f-ba0d-420ea60c13a6.png,processed/by-brand-all/MILLET/ドライナミック メッシュ NS クルー - Drynamic Mesh NS - 3a4280c0.png
70d70506-b5da-406e-bd45-1f7b8d81e83d,MILLET,ワナカ ストレッチ パンツ III,Wanaka Stretch Pants,catalog-remaining-existing-visible,tmp/gear-images/processed/catalog-remaining-existing-visible/70d70506-b5da-406e-bd45-1f7b8d81e83d.png,processed/by-brand-all/MILLET/ワナカ ストレッチ パンツ III - Wanaka Stretch Pants - 70d70506.png
9d47048d-32f5-4ed7-be63-5ef33f26ca3d,mont-bell,U.L. コンフォートシステム アルパインパッド25 150,U.L. コンフォートシステム アルパインパッド25 150,catalog-remaining-existing-visible,tmp/gear-images/processed/catalog-remaining-existing-visible/9d47048d-32f5-4ed7-be63-5ef33f26ca3d.png,processed/by-brand-all/mont-bell/U.L. コンフォートシステム アルパインパッド25 150 - 9d47048d.png
ec497f1a-49f2-4c36-aef7-bd53f562dd01,mont-bell,U.L. コンフォートシステム アルパインパッド25 180,U.L. コンフォートシステム アルパインパッド25 180,catalog-remaining-existing-visible,tmp/gear-images/processed/catalog-remaining-existing-visible/ec497f1a-49f2-4c36-aef7-bd53f562dd01.png,processed/by-brand-all/mont-bell/U.L. コンフォートシステム アルパインパッド25 180 - ec497f1a.png
7cefdf8d-ba76-4968-884b-cdbbd6eb2f38,mont-bell,WIC.ライト シングルポケット ロングスリーブシャツ Men's,WIC.ライト シングルポケット ロングスリーブシャツ Men's,catalog-remaining-existing-visible,tmp/gear-images/processed/catalog-remaining-existing-visible/7cefdf8d-ba76-4968-884b-cdbbd6eb2f38.png,processed/by-brand-all/mont-bell/WIC.ライト シングルポケット ロングスリーブシャツ Men's - 7cefdf8d.png
5616fead-427c-46aa-bc07-71ea269b4cdb,mont-bell,アルパインクッカー 11 ディープ,アルパインクッカー 11 ディープ,catalog-remaining-existing-visible,tmp/gear-images/processed/catalog-remaining-existing-visible/5616fead-427c-46aa-bc07-71ea269b4cdb.png,processed/by-brand-all/mont-bell/アルパインクッカー 11 ディープ - 5616fead.png
0091ed70-6558-42a7-bda5-651e1cd52975,mont-bell,アルパインクッカー 11+13 セット ディープ,アルパインクッカー 11+13 セット ディープ,catalog-remaining-existing-visible,tmp/gear-images/processed/catalog-remaining-existing-visible/0091ed70-6558-42a7-bda5-651e1cd52975.png,processed/by-brand-all/mont-bell/アルパインクッカー 11+13 セット ディープ - 0091ed70.png
fafbeb38-a8b8-4c5d-8e76-14bc06306e37,mont-bell,アルパインクッカー 14,アルパインクッカー 14,catalog-remaining-existing-visible,tmp/gear-images/processed/catalog-remaining-existing-visible/fafbeb38-a8b8-4c5d-8e76-14bc06306e37.png,processed/by-brand-all/mont-bell/アルパインクッカー 14 - fafbeb38.png
24ea793d-b076-4224-851c-ff6d2cd0e451,mont-bell,アルパインクッカー 16,アルパインクッカー 16,catalog-remaining-existing-visible,tmp/gear-images/processed/catalog-remaining-existing-visible/24ea793d-b076-4224-851c-ff6d2cd0e451.png,processed/by-brand-all/mont-bell/アルパインクッカー 16 - 24ea793d.png
e47ec569-5276-4eee-b8d4-2b9548770a50,mont-bell,アルパインクッカー 18,アルパインクッカー 18,catalog-remaining-existing-visible,tmp/gear-images/processed/catalog-remaining-existing-visible/e47ec569-5276-4eee-b8d4-2b9548770a50.png,processed/by-brand-all/mont-bell/アルパインクッカー 18 - e47ec569.png
bda32281-2044-4232-a7e8-7de51e7f25b0,mont-bell,アルパインクッカー 20,アルパインクッカー 20,catalog-remaining-existing-visible,tmp/gear-images/processed/catalog-remaining-existing-visible/bda32281-2044-4232-a7e8-7de51e7f25b0.png,processed/by-brand-all/mont-bell/アルパインクッカー 20 - bda32281.png
d7b83d0c-fdde-4521-9fc5-6a5bf8a9ea81,mont-bell,アルパインクッカー ソロセット,アルパインクッカー ソロセット,catalog-remaining-existing-visible,tmp/gear-images/processed/catalog-remaining-existing-visible/d7b83d0c-fdde-4521-9fc5-6a5bf8a9ea81.png,processed/by-brand-all/mont-bell/アルパインクッカー ソロセット - d7b83d0c.png
dbc5a976-e0f9-4387-b9b2-3cf2a064db70,mont-bell,アルパインダウン パーカ Men's,アルパインダウン パーカ Men's,catalog-remaining-existing-visible,tmp/gear-images/processed/catalog-remaining-existing-visible/dbc5a976-e0f9-4387-b9b2-3cf2a064db70.png,processed/by-brand-all/mont-bell/アルパインダウン パーカ Men's - dbc5a976.png
920b6b58-848c-4e15-89f4-7929b7300857,mont-bell,アルパインダウン パーカ Women's,アルパインダウン パーカ Women's,catalog-remaining-existing-visible,tmp/gear-images/processed/catalog-remaining-existing-visible/920b6b58-848c-4e15-89f4-7929b7300857.png,processed/by-brand-all/mont-bell/アルパインダウン パーカ Women's - 920b6b58.png
a175c241-f768-4961-812e-37e4eb2015e4,mont-bell,アルパインパック 40,アルパインパック 40,catalog-remaining-existing-visible,tmp/gear-images/processed/catalog-remaining-existing-visible/a175c241-f768-4961-812e-37e4eb2015e4.png,processed/by-brand-all/mont-bell/アルパインパック 40 - a175c241.png
7480c5c8-4617-451b-aef6-6ca42d195967,mont-bell,アルパインフライパン 16 ディープ,アルパインフライパン 16 ディープ,catalog-remaining-existing-visible,tmp/gear-images/processed/catalog-remaining-existing-visible/7480c5c8-4617-451b-aef6-6ca42d195967.png,processed/by-brand-all/mont-bell/アルパインフライパン 16 ディープ - 7480c5c8.png
4a62bfb7-71d2-4772-a652-f5272a8c80d7,mont-bell,ガレナパック 20,ガレナパック 20,catalog-remaining-existing-visible,tmp/gear-images/processed/catalog-remaining-existing-visible/4a62bfb7-71d2-4772-a652-f5272a8c80d7.png,processed/by-brand-all/mont-bell/ガレナパック 20 - 4a62bfb7.png
04c2e389-cb45-4ffa-bbca-274512615526,mont-bell,ガレナパック 25,ガレナパック 25,catalog-remaining-existing-visible,tmp/gear-images/processed/catalog-remaining-existing-visible/04c2e389-cb45-4ffa-bbca-274512615526.png,processed/by-brand-all/mont-bell/ガレナパック 25 - 04c2e389.png
010f04c1-c141-4757-bbee-456ac53bc9ab,mont-bell,ガレナパック 25 Women's,ガレナパック 25 Women's,catalog-remaining-existing-visible,tmp/gear-images/processed/catalog-remaining-existing-visible/010f04c1-c141-4757-bbee-456ac53bc9ab.png,processed/by-brand-all/mont-bell/ガレナパック 25 Women's - 010f04c1.png
1201daaf-858e-47dd-9c28-a62adf79ee35,mont-bell,ガレナパック 30,ガレナパック 30,catalog-remaining-existing-visible,tmp/gear-images/processed/catalog-remaining-existing-visible/1201daaf-858e-47dd-9c28-a62adf79ee35.png,processed/by-brand-all/mont-bell/ガレナパック 30 - 1201daaf.png
456643cc-db1e-4cf9-a01e-f3f5dbbff8c9,mont-bell,ガレナパック 30 Women's,ガレナパック 30 Women's,catalog-remaining-existing-visible,tmp/gear-images/processed/catalog-remaining-existing-visible/456643cc-db1e-4cf9-a01e-f3f5dbbff8c9.png,processed/by-brand-all/mont-bell/ガレナパック 30 Women's - 456643cc.png
e3a93409-4f89-4117-9ea6-ab8124ddb747,mont-bell,クリマプラス100 ジャケット Men's,クリマプラス100 ジャケット Men's,catalog-remaining-existing-visible,tmp/gear-images/processed/catalog-remaining-existing-visible/e3a93409-4f89-4117-9ea6-ab8124ddb747.png,processed/by-brand-all/mont-bell/クリマプラス100 ジャケット Men's - e3a93409.png
e63aa376-9d44-409d-a088-f899d516527a,mont-bell,クリマプラス200 ジャケット Men's,クリマプラス200 ジャケット Men's,catalog-remaining-existing-visible,tmp/gear-images/processed/catalog-remaining-existing-visible/e63aa376-9d44-409d-a088-f899d516527a.png,processed/by-brand-all/mont-bell/クリマプラス200 ジャケット Men's - e63aa376.png
29f7d3aa-4f74-4037-8c9b-b5bc5598b4ae,mont-bell,クロノスドーム2,クロノスドーム2,catalog-remaining-existing-visible,tmp/gear-images/processed/catalog-remaining-existing-visible/29f7d3aa-4f74-4037-8c9b-b5bc5598b4ae.png,processed/by-brand-all/mont-bell/クロノスドーム2 - 29f7d3aa.png
63e6d3cc-6d81-4349-ba85-40fc75c55a54,mont-bell,コンパクトヘッドランプ,コンパクトヘッドランプ,catalog-remaining-existing-visible,tmp/gear-images/processed/catalog-remaining-existing-visible/63e6d3cc-6d81-4349-ba85-40fc75c55a54.png,processed/by-brand-all/mont-bell/コンパクトヘッドランプ - 63e6d3cc.png
bb528ee0-b72a-4f9d-8736-44fe17505e75,mont-bell,シームレス アルパイン バロウバッグ #0,シームレス アルパイン バロウバッグ #0,catalog-remaining-existing-visible,tmp/gear-images/processed/catalog-remaining-existing-visible/bb528ee0-b72a-4f9d-8736-44fe17505e75.png,processed/by-brand-all/mont-bell/シームレス アルパイン バロウバッグ #0 - bb528ee0.png
eef0dc6e-64c2-4a85-8088-c439b62793db,mont-bell,シームレス アルパイン バロウバッグ #1,シームレス アルパイン バロウバッグ #1,catalog-remaining-existing-visible,tmp/gear-images/processed/catalog-remaining-existing-visible/eef0dc6e-64c2-4a85-8088-c439b62793db.png,processed/by-brand-all/mont-bell/シームレス アルパイン バロウバッグ #1 - eef0dc6e.png
8a257791-7ed7-4246-9071-fe906c94e3c9,mont-bell,シームレス アルパイン バロウバッグ #3,シームレス アルパイン バロウバッグ #3,catalog-remaining-existing-visible,tmp/gear-images/processed/catalog-remaining-existing-visible/8a257791-7ed7-4246-9071-fe906c94e3c9.png,processed/by-brand-all/mont-bell/シームレス アルパイン バロウバッグ #3 - 8a257791.png
cad4a9d0-faa3-43f2-9b0f-4005602008f0,mont-bell,シームレス アルパイン バロウバッグ #5,シームレス アルパイン バロウバッグ #5,catalog-remaining-existing-visible,tmp/gear-images/processed/catalog-remaining-existing-visible/cad4a9d0-faa3-43f2-9b0f-4005602008f0.png,processed/by-brand-all/mont-bell/シームレス アルパイン バロウバッグ #5 - cad4a9d0.png
e457c25a-2a5e-47bc-bf3a-027c6a71d03d,mont-bell,シームレス ダウンハガー800 #0,シームレス ダウンハガー800 #0,catalog-remaining-existing-visible,tmp/gear-images/processed/catalog-remaining-existing-visible/e457c25a-2a5e-47bc-bf3a-027c6a71d03d.png,processed/by-brand-all/mont-bell/シームレス ダウンハガー800 #0 - e457c25a.png
2defb46c-f9bf-4179-8023-2ec01ea181e1,mont-bell,シームレス ダウンハガー800 #1,シームレス ダウンハガー800 #1,catalog-remaining-existing-visible,tmp/gear-images/processed/catalog-remaining-existing-visible/2defb46c-f9bf-4179-8023-2ec01ea181e1.png,processed/by-brand-all/mont-bell/シームレス ダウンハガー800 #1 - 2defb46c.png
0e980ec9-0345-4fa0-a07d-0237ef6c5666,mont-bell,シームレス ダウンハガー800 #2,シームレス ダウンハガー800 #2,catalog-remaining-existing-visible,tmp/gear-images/processed/catalog-remaining-existing-visible/0e980ec9-0345-4fa0-a07d-0237ef6c5666.png,processed/by-brand-all/mont-bell/シームレス ダウンハガー800 #2 - 0e980ec9.png
df6fa066-9695-43dd-b0c9-0d3cb23288f2,mont-bell,シームレス ダウンハガー800 #3,シームレス ダウンハガー800 #3,catalog-remaining-existing-visible,tmp/gear-images/processed/catalog-remaining-existing-visible/df6fa066-9695-43dd-b0c9-0d3cb23288f2.png,processed/by-brand-all/mont-bell/シームレス ダウンハガー800 #3 - df6fa066.png
ba7ede3b-4705-4f35-8eb4-f04f9d2043f3,mont-bell,シームレス ダウンハガー800 #5,シームレス ダウンハガー800 #5,catalog-remaining-existing-visible,tmp/gear-images/processed/catalog-remaining-existing-visible/ba7ede3b-4705-4f35-8eb4-f04f9d2043f3.png,processed/by-brand-all/mont-bell/シームレス ダウンハガー800 #5 - ba7ede3b.png
96eec5b4-a241-4b76-9b08-8266fccc360b,mont-bell,シームレス ダウンハガー800 #7,シームレス ダウンハガー800 #7,catalog-remaining-existing-visible,tmp/gear-images/processed/catalog-remaining-existing-visible/96eec5b4-a241-4b76-9b08-8266fccc360b.png,processed/by-brand-all/mont-bell/シームレス ダウンハガー800 #7 - 96eec5b4.png
318ad0b7-f363-456c-b2ba-b591fbb80870,mont-bell,シームレス ダウンハガー800 Women's #1,シームレス ダウンハガー800 Women's #1,catalog-remaining-existing-visible,tmp/gear-images/processed/catalog-remaining-existing-visible/318ad0b7-f363-456c-b2ba-b591fbb80870.png,processed/by-brand-all/mont-bell/シームレス ダウンハガー800 Women's #1 - 318ad0b7.png
3409a1d0-d385-4cca-8b50-f79397642f0b,mont-bell,シームレス ダウンハガー800 Women's #2,シームレス ダウンハガー800 Women's #2,catalog-remaining-existing-visible,tmp/gear-images/processed/catalog-remaining-existing-visible/3409a1d0-d385-4cca-8b50-f79397642f0b.png,processed/by-brand-all/mont-bell/シームレス ダウンハガー800 Women's #2 - 3409a1d0.png
d3d09dc0-79de-4c96-9212-eafb5b8b71b9,mont-bell,シームレス ダウンハガー800 Women's #3,シームレス ダウンハガー800 Women's #3,catalog-remaining-existing-visible,tmp/gear-images/processed/catalog-remaining-existing-visible/d3d09dc0-79de-4c96-9212-eafb5b8b71b9.png,processed/by-brand-all/mont-bell/シームレス ダウンハガー800 Women's #3 - d3d09dc0.png
538e98ef-9760-41ff-a35c-50a7916f1e7b,mont-bell,シームレス バロウバッグ #3,シームレス バロウバッグ #3,catalog-remaining-existing-visible,tmp/gear-images/processed/catalog-remaining-existing-visible/538e98ef-9760-41ff-a35c-50a7916f1e7b.png,processed/by-brand-all/mont-bell/シームレス バロウバッグ #3 - 538e98ef.png
a2187d77-00d8-4c07-83f8-57a02c58960b,mont-bell,シームレス バロウバッグ #5,シームレス バロウバッグ #5,catalog-remaining-existing-visible,tmp/gear-images/processed/catalog-remaining-existing-visible/a2187d77-00d8-4c07-83f8-57a02c58960b.png,processed/by-brand-all/mont-bell/シームレス バロウバッグ #5 - a2187d77.png
608c9f97-09fb-4e2c-b0e9-8782945a6016,mont-bell,ジェットパワー100G,ジェットパワー100G,catalog-remaining-existing-visible,tmp/gear-images/processed/catalog-remaining-existing-visible/608c9f97-09fb-4e2c-b0e9-8782945a6016.png,processed/by-brand-all/mont-bell/ジェットパワー100G - 608c9f97.png
29a28eb6-27e9-4b84-863a-2939d3aa20c5,mont-bell,ジェットパワー230G,ジェットパワー230G,catalog-remaining-existing-visible,tmp/gear-images/processed/catalog-remaining-existing-visible/29a28eb6-27e9-4b84-863a-2939d3aa20c5.png,processed/by-brand-all/mont-bell/ジェットパワー230G - 29a28eb6.png
81d3c98b-9c0d-40b9-9983-ba1122eea2d2,mont-bell,ジオライン EXP.タイツ Men's,ジオライン EXP.タイツ Men's,catalog-remaining-existing-visible,tmp/gear-images/processed/catalog-remaining-existing-visible/81d3c98b-9c0d-40b9-9983-ba1122eea2d2.png,processed/by-brand-all/mont-bell/ジオライン EXP.タイツ Men's - 81d3c98b.png
308e64b3-179f-4e05-b055-521dba7f3669,mont-bell,ジオライン EXP.ラウンドネックシャツ Men's,ジオライン EXP.ラウンドネックシャツ Men's,catalog-remaining-existing-visible,tmp/gear-images/processed/catalog-remaining-existing-visible/308e64b3-179f-4e05-b055-521dba7f3669.png,processed/by-brand-all/mont-bell/ジオライン EXP.ラウンドネックシャツ Men's - 308e64b3.png
66244dff-8e85-4836-8b91-367b34963b15,mont-bell,ジオライン EXP.ラウンドネックシャツ Women's,ジオライン EXP.ラウンドネックシャツ Women's,catalog-remaining-existing-visible,tmp/gear-images/processed/catalog-remaining-existing-visible/66244dff-8e85-4836-8b91-367b34963b15.png,processed/by-brand-all/mont-bell/ジオライン EXP.ラウンドネックシャツ Women's - 66244dff.png
a62dedbe-c565-439b-b37c-474c4988dc72,mont-bell,ジオライン L.W.タイツ Men's,ジオライン L.W.タイツ Men's,catalog-remaining-existing-visible,tmp/gear-images/processed/catalog-remaining-existing-visible/a62dedbe-c565-439b-b37c-474c4988dc72.png,processed/by-brand-all/mont-bell/ジオライン L.W.タイツ Men's - a62dedbe.png
27074d21-2892-4475-8986-97129e594fb1,mont-bell,ジオライン L.W.ラウンドネックシャツ Men's,ジオライン L.W.ラウンドネックシャツ Men's,catalog-remaining-existing-visible,tmp/gear-images/processed/catalog-remaining-existing-visible/27074d21-2892-4475-8986-97129e594fb1.png,processed/by-brand-all/mont-bell/ジオライン L.W.ラウンドネックシャツ Men's - 27074d21.png
9796d370-0a28-4eb1-86a0-4cfb4aeb5780,mont-bell,ジオライン M.W.タイツ Men's,ジオライン M.W.タイツ Men's,catalog-remaining-existing-visible,tmp/gear-images/processed/catalog-remaining-existing-visible/9796d370-0a28-4eb1-86a0-4cfb4aeb5780.png,processed/by-brand-all/mont-bell/ジオライン M.W.タイツ Men's - 9796d370.png
50fb7311-a47c-4b32-a85c-6f9e3f6ba46a,mont-bell,ジオライン M.W.ラウンドネックシャツ Men's,ジオライン M.W.ラウンドネックシャツ Men's,catalog-remaining-existing-visible,tmp/gear-images/processed/catalog-remaining-existing-visible/50fb7311-a47c-4b32-a85c-6f9e3f6ba46a.png,processed/by-brand-all/mont-bell/ジオライン M.W.ラウンドネックシャツ Men's - 50fb7311.png
7de475a1-9dba-46c2-b6a6-8e09684ea377,mont-bell,スーパーメリノウール M.W. タイツ Men's,スーパーメリノウール M.W. タイツ Men's,catalog-remaining-existing-visible,tmp/gear-images/processed/catalog-remaining-existing-visible/7de475a1-9dba-46c2-b6a6-8e09684ea377.png,processed/by-brand-all/mont-bell/スーパーメリノウール M.W. タイツ Men's - 7de475a1.png
dc7674a4-bc50-4011-b286-263ad04d7f48,mont-bell,スーパーメリノウール M.W. ラウンドネックシャツ Women's,スーパーメリノウール M.W. ラウンドネックシャツ Women's,catalog-remaining-existing-visible,tmp/gear-images/processed/catalog-remaining-existing-visible/dc7674a4-bc50-4011-b286-263ad04d7f48.png,processed/by-brand-all/mont-bell/スーパーメリノウール M.W. ラウンドネックシャツ Women's - dc7674a4.png
f3544e1c-7c04-4be4-9883-a44f3a182ee0,mont-bell,ステラリッジ テント トレール1 本体,ステラリッジ テント トレール1 本体,catalog-remaining-existing-visible,tmp/gear-images/processed/catalog-remaining-existing-visible/f3544e1c-7c04-4be4-9883-a44f3a182ee0.png,processed/by-brand-all/mont-bell/ステラリッジ テント トレール1 本体 - f3544e1c.png
0a3653b0-c131-4470-bf23-dd41538dc59c,mont-bell,ステラリッジ テント トレール2 本体,ステラリッジ テント トレール2 本体,catalog-remaining-existing-visible,tmp/gear-images/processed/catalog-remaining-existing-visible/0a3653b0-c131-4470-bf23-dd41538dc59c.png,processed/by-brand-all/mont-bell/ステラリッジ テント トレール2 本体 - 0a3653b0.png
440c0281-2e17-46d2-b917-ff44e905cd8e,mont-bell,ステラリッジ テント1 本体,ステラリッジ テント1 本体,catalog-remaining-existing-visible,tmp/gear-images/processed/catalog-remaining-existing-visible/440c0281-2e17-46d2-b917-ff44e905cd8e.png,processed/by-brand-all/mont-bell/ステラリッジ テント1 本体 - 440c0281.png
a7d04ccb-92e0-48ba-9e11-bcb6bdb9a9fd,mont-bell,ステラリッジ テント2 本体,ステラリッジ テント2 本体,catalog-remaining-existing-visible,tmp/gear-images/processed/catalog-remaining-existing-visible/a7d04ccb-92e0-48ba-9e11-bcb6bdb9a9fd.png,processed/by-brand-all/mont-bell/ステラリッジ テント2 本体 - a7d04ccb.png
3c671d29-4ce5-48b2-8cd4-50c26ebf9c8b,mont-bell,ステラリッジ テント3 本体,ステラリッジ テント3 本体,catalog-remaining-existing-visible,tmp/gear-images/processed/catalog-remaining-existing-visible/3c671d29-4ce5-48b2-8cd4-50c26ebf9c8b.png,processed/by-brand-all/mont-bell/ステラリッジ テント3 本体 - 3c671d29.png
deae0ec6-9eb9-4618-b125-d3ee4027ff1c,mont-bell,ステラリッジ テント4 本体,ステラリッジ テント4 本体,catalog-remaining-existing-visible,tmp/gear-images/processed/catalog-remaining-existing-visible/deae0ec6-9eb9-4618-b125-d3ee4027ff1c.png,processed/by-brand-all/mont-bell/ステラリッジ テント4 本体 - deae0ec6.png
d9e0c2ac-5c89-453e-b6d6-495d930e9c6e,mont-bell,スペリオダウン ラウンドネックジャケット Men's,スペリオダウン ラウンドネックジャケット Men's,catalog-remaining-existing-visible,tmp/gear-images/processed/catalog-remaining-existing-visible/d9e0c2ac-5c89-453e-b6d6-495d930e9c6e.png,processed/by-brand-all/mont-bell/スペリオダウン ラウンドネックジャケット Men's - d9e0c2ac.png
a708399e-cdfd-4c3c-9b84-1a68e6fc2c5a,mont-bell,スペリオダウン ラウンドネックジャケット Women's,スペリオダウン ラウンドネックジャケット Women's,catalog-remaining-existing-visible,tmp/gear-images/processed/catalog-remaining-existing-visible/a708399e-cdfd-4c3c-9b84-1a68e6fc2c5a.png,processed/by-brand-all/mont-bell/スペリオダウン ラウンドネックジャケット Women's - a708399e.png
52e6520e-aa15-4f9c-a363-cbc6b7a4dd43,mont-bell,チェーンスパイク,チェーンスパイク,catalog-remaining-existing-visible,tmp/gear-images/processed/catalog-remaining-existing-visible/52e6520e-aa15-4f9c-a363-cbc6b7a4dd43.png,processed/by-brand-all/mont-bell/チェーンスパイク - 52e6520e.png
5530358e-eef8-4f52-b52d-640c48d5b590,mont-bell,チャチャパック 30,チャチャパック 30,catalog-remaining-existing-visible,tmp/gear-images/processed/catalog-remaining-existing-visible/5530358e-eef8-4f52-b52d-640c48d5b590.png,processed/by-brand-all/mont-bell/チャチャパック 30 - 5530358e.png
e5e63691-0208-4519-8f4e-1a1e6d3eadd3,mont-bell,チャチャパック 35,チャチャパック 35,catalog-remaining-existing-visible,tmp/gear-images/processed/catalog-remaining-existing-visible/e5e63691-0208-4519-8f4e-1a1e6d3eadd3.png,processed/by-brand-all/mont-bell/チャチャパック 35 - e5e63691.png
31a86aa1-7628-41e1-b59a-c565d4c0de4f,mont-bell,チャチャパック 40,チャチャパック 40,catalog-remaining-existing-visible,tmp/gear-images/processed/catalog-remaining-existing-visible/31a86aa1-7628-41e1-b59a-c565d4c0de4f.png,processed/by-brand-all/mont-bell/チャチャパック 40 - 31a86aa1.png
d7f670f7-a8fe-4da6-922c-bc8eba96ed91,mont-bell,ツオロミー ブーツ Men's,ツオロミー ブーツ Men's,catalog-remaining-existing-visible,tmp/gear-images/processed/catalog-remaining-existing-visible/d7f670f7-a8fe-4da6-922c-bc8eba96ed91.png,processed/by-brand-all/mont-bell/ツオロミー ブーツ Men's - d7f670f7.png
eba0e679-cddd-406f-89eb-2d5ba61ad010,mont-bell,ツオロミー ブーツ Women's,ツオロミー ブーツ Women's,catalog-remaining-existing-visible,tmp/gear-images/processed/catalog-remaining-existing-visible/eba0e679-cddd-406f-89eb-2d5ba61ad010.png,processed/by-brand-all/mont-bell/ツオロミー ブーツ Women's - eba0e679.png
f7bb54ba-fa6b-4477-9b7c-3fd5171329ad,mont-bell,テナヤ ブーツ Women's,テナヤ ブーツ Women's,catalog-remaining-existing-visible,tmp/gear-images/processed/catalog-remaining-existing-visible/f7bb54ba-fa6b-4477-9b7c-3fd5171329ad.png,processed/by-brand-all/mont-bell/テナヤ ブーツ Women's - f7bb54ba.png
2831e7de-b00e-4a23-b06c-92781716ff8b,mont-bell,ドライ シームレス ダウンハガー900 #1,ドライ シームレス ダウンハガー900 #1,catalog-remaining-existing-visible,tmp/gear-images/processed/catalog-remaining-existing-visible/2831e7de-b00e-4a23-b06c-92781716ff8b.png,processed/by-brand-all/mont-bell/ドライ シームレス ダウンハガー900 #1 - 2831e7de.png
d0bf7a61-502c-4bea-a23e-5707301a4e02,mont-bell,ドライ シームレス ダウンハガー900 #2,ドライ シームレス ダウンハガー900 #2,catalog-remaining-existing-visible,tmp/gear-images/processed/catalog-remaining-existing-visible/d0bf7a61-502c-4bea-a23e-5707301a4e02.png,processed/by-brand-all/mont-bell/ドライ シームレス ダウンハガー900 #2 - d0bf7a61.png
e33ff5fe-0508-4760-8c63-382b60f4fb35,mont-bell,ドライ シームレス ダウンハガー900 #3,ドライ シームレス ダウンハガー900 #3,catalog-remaining-existing-visible,tmp/gear-images/processed/catalog-remaining-existing-visible/e33ff5fe-0508-4760-8c63-382b60f4fb35.png,processed/by-brand-all/mont-bell/ドライ シームレス ダウンハガー900 #3 - e33ff5fe.png
323b7d45-b083-4e78-9c10-f1b7eb5b4752,mont-bell,バーサライトパック 15,バーサライトパック 15,catalog-remaining-existing-visible,tmp/gear-images/processed/catalog-remaining-existing-visible/323b7d45-b083-4e78-9c10-f1b7eb5b4752.png,processed/by-brand-all/mont-bell/バーサライトパック 15 - 323b7d45.png
1aeed088-10f6-44d8-8b71-f106f149fd28,mont-bell,バーサライトパック 20,バーサライトパック 20,catalog-remaining-existing-visible,tmp/gear-images/processed/catalog-remaining-existing-visible/1aeed088-10f6-44d8-8b71-f106f149fd28.png,processed/by-brand-all/mont-bell/バーサライトパック 20 - 1aeed088.png
86fe2125-9362-4303-8067-539f0d5d402b,mont-bell,バーサライトパック 30,バーサライトパック 30,catalog-remaining-existing-visible,tmp/gear-images/processed/catalog-remaining-existing-visible/86fe2125-9362-4303-8067-539f0d5d402b.png,processed/by-brand-all/mont-bell/バーサライトパック 30 - 86fe2125.png
3d67d7c9-6304-42be-bb3c-72b023757ace,mont-bell,バーサライトパック 40,バーサライトパック 40,catalog-remaining-existing-visible,tmp/gear-images/processed/catalog-remaining-existing-visible/3d67d7c9-6304-42be-bb3c-72b023757ace.png,processed/by-brand-all/mont-bell/バーサライトパック 40 - 3d67d7c9.png
3514e2f1-cc61-4712-ae41-e1d287dc6413,mont-bell,バーサライトパンツ Men's,バーサライトパンツ Men's,catalog-remaining-existing-visible,tmp/gear-images/processed/catalog-remaining-existing-visible/3514e2f1-cc61-4712-ae41-e1d287dc6413.png,processed/by-brand-all/mont-bell/バーサライトパンツ Men's - 3514e2f1.png
f0797749-d601-49ee-99d2-a2ca6be1423d,mont-bell,フォームパッド 120,フォームパッド 120,catalog-remaining-existing-visible,tmp/gear-images/processed/catalog-remaining-existing-visible/f0797749-d601-49ee-99d2-a2ca6be1423d.png,processed/by-brand-all/mont-bell/フォームパッド 120 - f0797749.png
0440e16a-b8c7-45a9-83d1-09c589e00c90,mont-bell,フォームパッド 150,フォームパッド 150,catalog-remaining-existing-visible,tmp/gear-images/processed/catalog-remaining-existing-visible/0440e16a-b8c7-45a9-83d1-09c589e00c90.png,processed/by-brand-all/mont-bell/フォームパッド 150 - 0440e16a.png
cfd1398e-473c-4ea8-8c34-93e525233f6b,mont-bell,フォームパッド 180,フォームパッド 180,catalog-remaining-existing-visible,tmp/gear-images/processed/catalog-remaining-existing-visible/cfd1398e-473c-4ea8-8c34-93e525233f6b.png,processed/by-brand-all/mont-bell/フォームパッド 180 - cfd1398e.png
dc45c628-bdbf-43df-9e72-c1a2975aa60b,mont-bell,プラズマ1000 アルパイン ダウンパーカ Women's,プラズマ1000 アルパイン ダウンパーカ Women's,catalog-remaining-existing-visible,tmp/gear-images/processed/catalog-remaining-existing-visible/dc45c628-bdbf-43df-9e72-c1a2975aa60b.png,processed/by-brand-all/mont-bell/プラズマ1000 アルパイン ダウンパーカ Women's - dc45c628.png
c7bf0b86-405e-4692-81e5-16c16c3d0c67,mont-bell,プラズマ1000 アルパインダウン パーカ Men's,プラズマ1000 アルパインダウン パーカ Men's,catalog-remaining-existing-visible,tmp/gear-images/processed/catalog-remaining-existing-visible/c7bf0b86-405e-4692-81e5-16c16c3d0c67.png,processed/by-brand-all/mont-bell/プラズマ1000 アルパインダウン パーカ Men's - c7bf0b86.png
2e4a0297-8159-4391-b4b6-84994eeaf33d,mont-bell,マウンテンクルーザー400 Men's,マウンテンクルーザー400 Men's,catalog-remaining-existing-visible,tmp/gear-images/processed/catalog-remaining-existing-visible/2e4a0297-8159-4391-b4b6-84994eeaf33d.png,processed/by-brand-all/mont-bell/マウンテンクルーザー400 Men's - 2e4a0297.png
03e7614e-a2c2-4d3f-aa61-f27ce2b3b2e7,mont-bell,マウンテンクルーザー400 Women's,マウンテンクルーザー400 Women's,catalog-remaining-existing-visible,tmp/gear-images/processed/catalog-remaining-existing-visible/03e7614e-a2c2-4d3f-aa61-f27ce2b3b2e7.png,processed/by-brand-all/mont-bell/マウンテンクルーザー400 Women's - 03e7614e.png
6d3cdb3a-3da2-4000-a78a-00c5e1a8423b,mont-bell,マウンテンクルーザー600 Men's,マウンテンクルーザー600 Men's,catalog-remaining-existing-visible,tmp/gear-images/processed/catalog-remaining-existing-visible/6d3cdb3a-3da2-4000-a78a-00c5e1a8423b.png,processed/by-brand-all/mont-bell/マウンテンクルーザー600 Men's - 6d3cdb3a.png
27cd0967-741f-4097-9780-31c299c49fb0,mont-bell,マウンテンクルーザー600 Women's,マウンテンクルーザー600 Women's,catalog-remaining-existing-visible,tmp/gear-images/processed/catalog-remaining-existing-visible/27cd0967-741f-4097-9780-31c299c49fb0.png,processed/by-brand-all/mont-bell/マウンテンクルーザー600 Women's - 27cd0967.png
d089fc81-85fc-416d-a871-2c750ebc80cc,mont-bell,マルチパワー ヘッドランプ,マルチパワー ヘッドランプ,catalog-remaining-existing-visible,tmp/gear-images/processed/catalog-remaining-existing-visible/d089fc81-85fc-416d-a871-2c750ebc80cc.png,processed/by-brand-all/mont-bell/マルチパワー ヘッドランプ - d089fc81.png
e6b62d04-1eb5-4de1-b14d-e9497067df9e,mont-bell,ムーンライト テント1,ムーンライト テント1,catalog-remaining-existing-visible,tmp/gear-images/processed/catalog-remaining-existing-visible/e6b62d04-1eb5-4de1-b14d-e9497067df9e.png,processed/by-brand-all/mont-bell/ムーンライト テント1 - e6b62d04.png
fc227538-38ad-46b7-a4c9-1d7770c9ea6e,mont-bell,ムーンライト テント2,ムーンライト テント2,catalog-remaining-existing-visible,tmp/gear-images/processed/catalog-remaining-existing-visible/fc227538-38ad-46b7-a4c9-1d7770c9ea6e.png,processed/by-brand-all/mont-bell/ムーンライト テント2 - fc227538.png
1ee9cdc8-2fab-47ac-8ff4-ea1a5ebe9074,mont-bell,ムーンライト テント4,ムーンライト テント4,catalog-remaining-existing-visible,tmp/gear-images/processed/catalog-remaining-existing-visible/1ee9cdc8-2fab-47ac-8ff4-ea1a5ebe9074.png,processed/by-brand-all/mont-bell/ムーンライト テント4 - 1ee9cdc8.png
4188081d-c3d3-4ebf-ac9c-f677ac560f2f,mont-bell,ライトツェルト,ライトツェルト,catalog-remaining-existing-visible,tmp/gear-images/processed/catalog-remaining-existing-visible/4188081d-c3d3-4ebf-ac9c-f677ac560f2f.png,processed/by-brand-all/mont-bell/ライトツェルト - 4188081d.png
0bcec559-2fb8-48a7-a57f-bef946033177,mont-bell,ライトツェルト L,ライトツェルト L,catalog-remaining-existing-visible,tmp/gear-images/processed/catalog-remaining-existing-visible/0bcec559-2fb8-48a7-a57f-bef946033177.png,processed/by-brand-all/mont-bell/ライトツェルト L - 0bcec559.png
fcbae488-fe27-4c84-8af4-6a917a5d870f,NEMO,Tensor™ All-Season レギュラー マミー,Tensor All-Season Regular Mummy,catalog-remaining-existing-visible,tmp/gear-images/processed/catalog-remaining-existing-visible/fcbae488-fe27-4c84-8af4-6a917a5d870f.png,processed/by-brand-all/NEMO/Tensor™ All-Season レギュラー マミー - Tensor All-Season Regular Mummy - fcbae488.png
64a56625-ded7-44f8-b9d8-06848ffc9a82,NEMO,Tensor™ Elite レギュラー マミー,Tensor Elite Regular Mummy,catalog-remaining-existing-visible,tmp/gear-images/processed/catalog-remaining-existing-visible/64a56625-ded7-44f8-b9d8-06848ffc9a82.png,processed/by-brand-all/NEMO/Tensor™ Elite レギュラー マミー - Tensor Elite Regular Mummy - 64a56625.png
0cbc5126-0e27-43a4-a9d6-158d640aa317,NEMO,Tensor™ Extreme Conditions レギュラーマミー,Tensor Extreme Conditions Regular Mummy,catalog-remaining-existing-visible,tmp/gear-images/processed/catalog-remaining-existing-visible/0cbc5126-0e27-43a4-a9d6-158d640aa317.png,processed/by-brand-all/NEMO/Tensor™ Extreme Conditions レギュラーマミー - Tensor Extreme Conditions Regular Mummy - 0cbc5126.png
dc3a3186-3446-4ebf-935d-747995d98528,NEMO,Tensor™ Trail レギュラー マミー,Tensor Trail Regular Mummy,catalog-remaining-existing-visible,tmp/gear-images/processed/catalog-remaining-existing-visible/dc3a3186-3446-4ebf-935d-747995d98528.png,processed/by-brand-all/NEMO/Tensor™ Trail レギュラー マミー - Tensor Trail Regular Mummy - dc3a3186.png
7ac2f965-0551-49de-99ef-ede4fbf21928,Osprey,エクソスプロ55,エクソスプロ55,catalog-remaining-existing-visible,tmp/gear-images/processed/catalog-remaining-existing-visible/7ac2f965-0551-49de-99ef-ede4fbf21928.png,processed/by-brand-all/Osprey/エクソスプロ55 - 7ac2f965.png
ffe22c2c-f312-4c43-8189-7654b839523f,Osprey,ケストレル38,ケストレル38,catalog-remaining-existing-visible,tmp/gear-images/processed/catalog-remaining-existing-visible/ffe22c2c-f312-4c43-8189-7654b839523f.png,processed/by-brand-all/Osprey/ケストレル38 - ffe22c2c.png
9e876b9a-0c9a-45e2-9816-3e35afb28fc5,Osprey,ケストレル48,ケストレル48,catalog-remaining-existing-visible,tmp/gear-images/processed/catalog-remaining-existing-visible/9e876b9a-0c9a-45e2-9816-3e35afb28fc5.png,processed/by-brand-all/Osprey/ケストレル48 - 9e876b9a.png
60e24ca8-fd65-4022-97c8-33ee2a20311c,Osprey,ケストレルLT35,ケストレルLT35,catalog-remaining-existing-visible,tmp/gear-images/processed/catalog-remaining-existing-visible/60e24ca8-fd65-4022-97c8-33ee2a20311c.png,processed/by-brand-all/Osprey/ケストレルLT35 - 60e24ca8.png
08d71495-409a-4f1e-a05a-68a3d8695ff7,Osprey,ケストレルLT45,ケストレルLT45,catalog-remaining-existing-visible,tmp/gear-images/processed/catalog-remaining-existing-visible/08d71495-409a-4f1e-a05a-68a3d8695ff7.png,processed/by-brand-all/Osprey/ケストレルLT45 - 08d71495.png
cde77e2d-3263-41c0-9c57-0137f38a4c18,Osprey,タロンプロ40,タロンプロ40,catalog-remaining-existing-visible,tmp/gear-images/processed/catalog-remaining-existing-visible/cde77e2d-3263-41c0-9c57-0137f38a4c18.png,processed/by-brand-all/Osprey/タロンプロ40 - cde77e2d.png
833a0f31-c5a6-481e-9543-6d3a471eaed5,Osprey,タロンベロシティ20,タロンベロシティ20,catalog-remaining-existing-visible,tmp/gear-images/processed/catalog-remaining-existing-visible/833a0f31-c5a6-481e-9543-6d3a471eaed5.png,processed/by-brand-all/Osprey/タロンベロシティ20 - 833a0f31.png
c5809356-b95a-494c-b2d3-e1a1bede15cf,Osprey,テンペストベロシティ20,テンペストベロシティ20,catalog-remaining-existing-visible,tmp/gear-images/processed/catalog-remaining-existing-visible/c5809356-b95a-494c-b2d3-e1a1bede15cf.png,processed/by-brand-all/Osprey/テンペストベロシティ20 - c5809356.png
610379a2-999f-4b59-aa27-20233d18358c,patagonia,トレントシェル 3L ジャケット,Torrentshell 3L Jacket,catalog-remaining-existing-visible,tmp/gear-images/processed/catalog-remaining-existing-visible/610379a2-999f-4b59-aa27-20233d18358c.png,processed/by-brand-all/patagonia/トレントシェル 3L ジャケット - Torrentshell 3L Jacket - 610379a2.png
b27ed510-2b70-4e1a-9d36-fa0234a53e81,patagonia,フーディニ ジャケット,Houdini Jacket,catalog-remaining-existing-visible,tmp/gear-images/processed/catalog-remaining-existing-visible/b27ed510-2b70-4e1a-9d36-fa0234a53e81.png,processed/by-brand-all/patagonia/フーディニ ジャケット - Houdini Jacket - b27ed510.png
28a64247-d87f-4252-9c50-311b17399e97,Petzl,TIKKA,TIKKA,catalog-remaining-existing-visible,tmp/gear-images/processed/catalog-remaining-existing-visible/28a64247-d87f-4252-9c50-311b17399e97.png,processed/by-brand-all/Petzl/TIKKA - 28a64247.png
8ca84e74-20c5-41e9-8949-ec5a8cf4a449,Petzl,TIKKA CORE,TIKKA CORE,catalog-remaining-existing-visible,tmp/gear-images/processed/catalog-remaining-existing-visible/8ca84e74-20c5-41e9-8949-ec5a8cf4a449.png,processed/by-brand-all/Petzl/TIKKA CORE - 8ca84e74.png
dee97fc3-0e88-4d2f-9c91-41eb53fd0846,SOTO,CB TOUGH 125,ST-711,catalog-remaining-existing-visible,tmp/gear-images/processed/catalog-remaining-existing-visible/dee97fc3-0e88-4d2f-9c91-41eb53fd0846.png,processed/by-brand-all/SOTO/CB TOUGH 125 - ST-711 - dee97fc3.png
260e1757-dfca-4df2-901c-60fc7290680b,SOTO,CB TOUGH 220,ST-712,catalog-remaining-existing-visible,tmp/gear-images/processed/catalog-remaining-existing-visible/260e1757-dfca-4df2-901c-60fc7290680b.png,processed/by-brand-all/SOTO/CB TOUGH 220 - ST-712 - 260e1757.png
5cd7e352-0dd0-4790-9736-c04d0f3abf35,SOTO,G-ストーブ ST-320,ST-320,catalog-remaining-existing-visible,tmp/gear-images/processed/catalog-remaining-existing-visible/5cd7e352-0dd0-4790-9736-c04d0f3abf35.png,processed/by-brand-all/SOTO/G-ストーブ ST-320 - ST-320 - 5cd7e352.png
66d18a5e-8e82-44dd-8ca0-cbf695986ddc,SOTO,GORA パンチングザル,ST-950P,catalog-remaining-existing-visible,tmp/gear-images/processed/catalog-remaining-existing-visible/66d18a5e-8e82-44dd-8ca0-cbf695986ddc.png,processed/by-brand-all/SOTO/GORA パンチングザル - ST-950P - 66d18a5e.png
df6833ab-71a2-4399-83dd-d3112ec51176,SOTO,GORA フライパン16cm,ST-950FP16,catalog-remaining-existing-visible,tmp/gear-images/processed/catalog-remaining-existing-visible/df6833ab-71a2-4399-83dd-d3112ec51176.png,processed/by-brand-all/SOTO/GORA フライパン16cm - ST-950FP16 - df6833ab.png
77113dbd-4ae0-4202-95e4-20e0d0350a2c,SOTO,GORA フライパン22cm,ST-950FP22,catalog-remaining-existing-visible,tmp/gear-images/processed/catalog-remaining-existing-visible/77113dbd-4ae0-4202-95e4-20e0d0350a2c.png,processed/by-brand-all/SOTO/GORA フライパン22cm - ST-950FP22 - 77113dbd.png
a747dbe4-5002-4f65-ab29-013813573296,SOTO,GRID テーブル,ST-526T,catalog-remaining-existing-visible,tmp/gear-images/processed/catalog-remaining-existing-visible/a747dbe4-5002-4f65-ab29-013813573296.png,processed/by-brand-all/SOTO/GRID テーブル - ST-526T - a747dbe4.png
84bdcb2c-1083-409b-9ebd-ee3b6e63f2f2,SOTO,TrekMaster（トレックマスター）,ST-331,catalog-remaining-existing-visible,tmp/gear-images/processed/catalog-remaining-existing-visible/84bdcb2c-1083-409b-9ebd-ee3b6e63f2f2.png,processed/by-brand-all/SOTO/TrekMaster（トレックマスター） - ST-331 - 84bdcb2c.png
a0fdac12-a5be-4730-8bad-7e114b505ddc,SOTO,ガス抜きツール ルミナス,ST-770LU,catalog-remaining-existing-visible,tmp/gear-images/processed/catalog-remaining-existing-visible/a0fdac12-a5be-4730-8bad-7e114b505ddc.png,processed/by-brand-all/SOTO/ガス抜きツール ルミナス - ST-770LU - a0fdac12.png
3b2a5022-ca26-4223-8c4c-20c849350f86,SOTO,ガス抜きツール ルミナスブルー,ST-770LUBL,catalog-remaining-existing-visible,tmp/gear-images/processed/catalog-remaining-existing-visible/3b2a5022-ca26-4223-8c4c-20c849350f86.png,processed/by-brand-all/SOTO/ガス抜きツール ルミナスブルー - ST-770LUBL - 3b2a5022.png
d2603e55-b675-45f4-80e7-2d5cf0059a4d,SOTO,ステンレスヘビーポット GORA(ゴーラ),ST-950,catalog-remaining-existing-visible,tmp/gear-images/processed/catalog-remaining-existing-visible/d2603e55-b675-45f4-80e7-2d5cf0059a4d.png,processed/by-brand-all/SOTO/ステンレスヘビーポット GORA(ゴーラ) - ST-950 - d2603e55.png
c8f8398a-3b0e-4a34-8e9a-84969d5f3faa,SOTO,パワーガス500トリプルミックス,SOD-750T,catalog-remaining-existing-visible,tmp/gear-images/processed/catalog-remaining-existing-visible/c8f8398a-3b0e-4a34-8e9a-84969d5f3faa.png,processed/by-brand-all/SOTO/パワーガス500トリプルミックス - SOD-750T - c8f8398a.png
585b6aa0-4a54-4ee9-81fb-56bea6bb1c11,SOTO,マイクロトーチ用ホルスター（カーキ）,ST-4891KK,catalog-remaining-existing-visible,tmp/gear-images/processed/catalog-remaining-existing-visible/585b6aa0-4a54-4ee9-81fb-56bea6bb1c11.png,processed/by-brand-all/SOTO/マイクロトーチ用ホルスター（カーキ） - ST-4891KK - 585b6aa0.png
de05011e-8ba5-4b5e-9cde-250dcd2c1a7a,SOTO,ミニマルクッカー角,ST-3108,catalog-remaining-existing-visible,tmp/gear-images/processed/catalog-remaining-existing-visible/de05011e-8ba5-4b5e-9cde-250dcd2c1a7a.png,processed/by-brand-all/SOTO/ミニマルクッカー角 - ST-3108 - de05011e.png
189ef945-c105-41e7-a04e-ce9796c0f2ac,SOTO,レギュレーターストーブ FUSION ST-330,ST-330,catalog-remaining-existing-visible,tmp/gear-images/processed/catalog-remaining-existing-visible/189ef945-c105-41e7-a04e-ce9796c0f2ac.png,processed/by-brand-all/SOTO/レギュレーターストーブ FUSION ST-330 - ST-330 - 189ef945.png
c098eaa3-3137-4f83-9c29-9b675650ad8d,SOTO,レギュレーターストーブ Range ST-340,ST-340,catalog-remaining-existing-visible,tmp/gear-images/processed/catalog-remaining-existing-visible/c098eaa3-3137-4f83-9c29-9b675650ad8d.png,processed/by-brand-all/SOTO/レギュレーターストーブ Range ST-340 - ST-340 - c098eaa3.png
6d2697c0-e63e-4585-9077-a7dce1c30bff,SOTO,レギュレーターストーブ ST-310,ST-310,catalog-remaining-existing-visible,tmp/gear-images/processed/catalog-remaining-existing-visible/6d2697c0-e63e-4585-9077-a7dce1c30bff.png,processed/by-brand-all/SOTO/レギュレーターストーブ ST-310 - ST-310 - 6d2697c0.png
e6a9b1a3-0adf-4c08-8d39-7d87f2d79344,SOTO,レギュレーターストーブ TriTrail ST-350,ST-350,catalog-remaining-existing-visible,tmp/gear-images/processed/catalog-remaining-existing-visible/e6a9b1a3-0adf-4c08-8d39-7d87f2d79344.png,processed/by-brand-all/SOTO/レギュレーターストーブ TriTrail ST-350 - ST-350 - e6a9b1a3.png
9b0414c4-42d6-4665-862b-2a64a3426f96,SOTO,レギュレーターストーブ専用アシストグリップ ルミナス,ST-3105LU,catalog-remaining-existing-visible,tmp/gear-images/processed/catalog-remaining-existing-visible/9b0414c4-42d6-4665-862b-2a64a3426f96.png,processed/by-brand-all/SOTO/レギュレーターストーブ専用アシストグリップ ルミナス - ST-3105LU - 9b0414c4.png
275b5e3d-c86a-4f43-a287-cefac0e40800,SOTO,レギュレーターストーブ専用アシストグリップ ルミナスブルー,ST-3105LUBL,catalog-remaining-existing-visible,tmp/gear-images/processed/catalog-remaining-existing-visible/275b5e3d-c86a-4f43-a287-cefac0e40800.png,processed/by-brand-all/SOTO/レギュレーターストーブ専用アシストグリップ ルミナスブルー - ST-3105LUBL - 275b5e3d.png
72cf086e-c764-461d-b4b3-41d03315c1b8,Therm-a-Rest,Z Lite SOL レギュラー,Z Lite SOL Regular,catalog-remaining-existing-visible,tmp/gear-images/processed/catalog-remaining-existing-visible/72cf086e-c764-461d-b4b3-41d03315c1b8.png,processed/by-brand-all/Therm-a-Rest/Z Lite SOL レギュラー - Z Lite SOL Regular - 72cf086e.png
15e437f6-5b4b-417b-957d-310b015613a8,山と道,Light Alpha Vest/Jacket,Light Alpha Vest/Jacket,catalog-remaining-existing-visible,tmp/gear-images/processed/catalog-remaining-existing-visible/15e437f6-5b4b-417b-957d-310b015613a8.png,processed/by-brand-all/山と道/Light Alpha Vest Jacket - 15e437f6.png
82be8638-5e21-42ab-8a48-6d7356147245,山と道,UL All-weather Hoody,UL All-weather Hoody,catalog-remaining-existing-visible,tmp/gear-images/processed/catalog-remaining-existing-visible/82be8638-5e21-42ab-8a48-6d7356147245.png,processed/by-brand-all/山と道/UL All-weather Hoody - 82be8638.png
0e99825e-2817-4445-95cd-d321a1cb4ec9,山と道,UL All-weather Jacket,UL All-weather Jacket,catalog-remaining-existing-visible,tmp/gear-images/processed/catalog-remaining-existing-visible/0e99825e-2817-4445-95cd-d321a1cb4ec9.png,processed/by-brand-all/山と道/UL All-weather Jacket - 0e99825e.png
4f1183d2-7603-4a89-9b19-1554f4bec2fb,山と道,UL Shirt,UL Shirt,catalog-remaining-existing-visible,tmp/gear-images/processed/catalog-remaining-existing-visible/4f1183d2-7603-4a89-9b19-1554f4bec2fb.png,processed/by-brand-all/山と道/UL Shirt - 4f1183d2.png
