brand,name_ja,model,id,output_path,managed_file,source_image_url
Caravan,GK_ALT HI,GK_ALT HI,92a3b431-78a9-4b2b-9783-877480a8d647,tmp/gear-images/processed/catalog-remaining-existing-visible/92a3b431-78a9-4b2b-9783-877480a8d647.png,tmp/gear-images/processed/catalog-remaining-existing-visible/by-brand/Caravan/GK_ALT HI - 92a3b431.png,https://caravan.itembox.cloud/product/012/000000001251/000000001251-01.jpg?size=l&w=ODAw&t=20251015160248
Caravan,GK85,GK85,22028a69-bf0a-4f8d-a205-52e23ef46865,tmp/gear-images/processed/catalog-remaining-existing-visible/22028a69-bf0a-4f8d-a205-52e23ef46865.png,tmp/gear-images/processed/catalog-remaining-existing-visible/by-brand/Caravan/GK85 - 22028a69.png,https://caravan.itembox.cloud/product/000/000000000069/000000000069-01.jpg?size=l&w=ODAw&t=20250822184456
Caravan,GK8X_FFF,GK8X_FFF,3abf2d19-5abc-45e4-acfe-867c17ef99c3,tmp/gear-images/processed/catalog-remaining-existing-visible/3abf2d19-5abc-45e4-acfe-867c17ef99c3.png,tmp/gear-images/processed/catalog-remaining-existing-visible/by-brand/Caravan/GK8X_FFF - 3abf2d19.png,https://caravan.itembox.cloud/product/009/000000000950/000000000950-01.jpg?size=l&w=ODAw&t=20250822184345
Columbia,セイバー シックス ミッド アウトドライ ワイド,Saber Six Mid Outdry Wide,4cc3465e-dead-4b06-9bde-7f372b9dd27e,tmp/gear-images/processed/catalog-remaining-existing-visible/4cc3465e-dead-4b06-9bde-7f372b9dd27e.png,tmp/gear-images/processed/catalog-remaining-existing-visible/by-brand/Columbia/セイバー シックス ミッド アウトドライ ワイド - Saber Six Mid Outdry Wide - 4cc3465e.png,https://www.columbiasports.co.jp/img/goods/S/S25_YI8972_287_C.jpg
Columbia,セイバー シックス ロー アウトドライ ワイド,Saber Six Low Outdry Wide,0a762cc1-6236-4826-853d-d3f17ed1c3f8,tmp/gear-images/processed/catalog-remaining-existing-visible/0a762cc1-6236-4826-853d-d3f17ed1c3f8.png,tmp/gear-images/processed/catalog-remaining-existing-visible/by-brand/Columbia/セイバー シックス ロー アウトドライ ワイド - Saber Six Low Outdry Wide - 0a762cc1.png,https://www.columbiasports.co.jp/img/goods/S/S25_YI0238_287_C.jpg
finetrack,ゴージュタープ,ゴージュタープ,92e9d564-5071-4557-a807-0e5c21c7f9ea,tmp/gear-images/processed/catalog-remaining-existing-visible/92e9d564-5071-4557-a807-0e5c21c7f9ea.png,tmp/gear-images/processed/catalog-remaining-existing-visible/by-brand/finetrack/ゴージュタープ - 92e9d564.png,https://www.finetrack.com/assets/img/ogp/og-gorge-tarp-01.png
finetrack,ゴージュタープミニ,ゴージュタープミニ,127d46dd-40ca-4f33-8248-15a702950190,tmp/gear-images/processed/catalog-remaining-existing-visible/127d46dd-40ca-4f33-8248-15a702950190.png,tmp/gear-images/processed/catalog-remaining-existing-visible/by-brand/finetrack/ゴージュタープミニ - 127d46dd.png,https://www.finetrack.com/assets/img/products/gorge-tarp/im-info-01.jpg
finetrack,ツエルト1,ツエルト1,1046a172-2d21-4004-96bd-228b8209e991,tmp/gear-images/processed/catalog-remaining-existing-visible/1046a172-2d21-4004-96bd-228b8209e991.png,tmp/gear-images/processed/catalog-remaining-existing-visible/by-brand/finetrack/ツエルト1 - 1046a172.png,https://www.finetrack.com/assets/img/products/items/im-FAG0122-OG.png
finetrack,ツエルト2ロング,ツエルト2ロング,ad0ea239-891d-4f0c-a49f-39c3172d804c,tmp/gear-images/processed/catalog-remaining-existing-visible/ad0ea239-891d-4f0c-a49f-39c3172d804c.png,tmp/gear-images/processed/catalog-remaining-existing-visible/by-brand/finetrack/ツエルト2ロング - ad0ea239.png,https://www.finetrack.com/assets/img/products/items/im-FAG0123-MO.png
finetrack,ピコシェルター,ピコシェルター,a32a825c-0ad6-4a05-9459-12c2ba87a1d5,tmp/gear-images/processed/catalog-remaining-existing-visible/a32a825c-0ad6-4a05-9459-12c2ba87a1d5.png,tmp/gear-images/processed/catalog-remaining-existing-visible/by-brand/finetrack/ピコシェルター - a32a825c.png,https://www.finetrack.com/assets/img/products/items/im-FAG0121-OG.png
MILLET,ドライナミック メッシュ NS クルー,Drynamic Mesh NS,3a4280c0-1b98-4d9f-ba0d-420ea60c13a6,tmp/gear-images/processed/catalog-remaining-existing-visible/3a4280c0-1b98-4d9f-ba0d-420ea60c13a6.png,tmp/gear-images/processed/catalog-remaining-existing-visible/by-brand/MILLET/ドライナミック メッシュ NS クルー - Drynamic Mesh NS - 3a4280c0.png,https://milletonline.itembox.cloud/product/005/000000000539/000000000539-01.jpg
MILLET,ワナカ ストレッチ パンツ III,Wanaka Stretch Pants,70d70506-b5da-406e-bd45-1f7b8d81e83d,tmp/gear-images/processed/catalog-remaining-existing-visible/70d70506-b5da-406e-bd45-1f7b8d81e83d.png,tmp/gear-images/processed/catalog-remaining-existing-visible/by-brand/MILLET/ワナカ ストレッチ パンツ III - Wanaka Stretch Pants - 70d70506.png,https://milletonline.itembox.cloud/product/035/000000003504/000000003504-02.jpg
mont-bell,U.L. コンフォートシステム アルパインパッド25 150,U.L. コンフォートシステム アルパインパッド25 150,9d47048d-32f5-4ed7-be63-5ef33f26ca3d,tmp/gear-images/processed/catalog-remaining-existing-visible/9d47048d-32f5-4ed7-be63-5ef33f26ca3d.png,tmp/gear-images/processed/catalog-remaining-existing-visible/by-brand/mont-bell/U.L. コンフォートシステム アルパインパッド25 150 - 9d47048d.png,https://webshop.montbell.jp/common/images/product/prod_s/s_1124660_ssog.jpg
mont-bell,U.L. コンフォートシステム アルパインパッド25 180,U.L. コンフォートシステム アルパインパッド25 180,ec497f1a-49f2-4c36-aef7-bd53f562dd01,tmp/gear-images/processed/catalog-remaining-existing-visible/ec497f1a-49f2-4c36-aef7-bd53f562dd01.png,tmp/gear-images/processed/catalog-remaining-existing-visible/by-brand/mont-bell/U.L. コンフォートシステム アルパインパッド25 180 - ec497f1a.png,https://webshop.montbell.jp/common/images/product/prod_s/s_1124659_ssog.jpg
mont-bell,WIC.ライト シングルポケット ロングスリーブシャツ Men's,WIC.ライト シングルポケット ロングスリーブシャツ Men's,7cefdf8d-ba76-4968-884b-cdbbd6eb2f38,tmp/gear-images/processed/catalog-remaining-existing-visible/7cefdf8d-ba76-4968-884b-cdbbd6eb2f38.png,tmp/gear-images/processed/catalog-remaining-existing-visible/by-brand/mont-bell/WIC.ライト シングルポケット ロングスリーブシャツ Men's - 7cefdf8d.png,https://webshop.montbell.jp/common/images/product/prod_s/s_1114834_dbn.jpg
mont-bell,アルパインクッカー 11 ディープ,アルパインクッカー 11 ディープ,5616fead-427c-46aa-bc07-71ea269b4cdb,tmp/gear-images/processed/catalog-remaining-existing-visible/5616fead-427c-46aa-bc07-71ea269b4cdb.png,tmp/gear-images/processed/catalog-remaining-existing-visible/by-brand/mont-bell/アルパインクッカー 11 ディープ - 5616fead.png,https://webshop.montbell.jp/common/images/product/prod_s/s1124905.jpg
mont-bell,アルパインクッカー 11+13 セット ディープ,アルパインクッカー 11+13 セット ディープ,0091ed70-6558-42a7-bda5-651e1cd52975,tmp/gear-images/processed/catalog-remaining-existing-visible/0091ed70-6558-42a7-bda5-651e1cd52975.png,tmp/gear-images/processed/catalog-remaining-existing-visible/by-brand/mont-bell/アルパインクッカー 11+13 セット ディープ - 0091ed70.png,https://webshop.montbell.jp/common/images/product/prod_s/s1124907.jpg
mont-bell,アルパインクッカー 14,アルパインクッカー 14,fafbeb38-a8b8-4c5d-8e76-14bc06306e37,tmp/gear-images/processed/catalog-remaining-existing-visible/fafbeb38-a8b8-4c5d-8e76-14bc06306e37.png,tmp/gear-images/processed/catalog-remaining-existing-visible/by-brand/mont-bell/アルパインクッカー 14 - fafbeb38.png,https://webshop.montbell.jp/common/images/product/prod_s/s1124900.jpg
mont-bell,アルパインクッカー 16,アルパインクッカー 16,24ea793d-b076-4224-851c-ff6d2cd0e451,tmp/gear-images/processed/catalog-remaining-existing-visible/24ea793d-b076-4224-851c-ff6d2cd0e451.png,tmp/gear-images/processed/catalog-remaining-existing-visible/by-brand/mont-bell/アルパインクッカー 16 - 24ea793d.png,https://webshop.montbell.jp/common/images/product/prod_s/s1124901.jpg
mont-bell,アルパインクッカー 18,アルパインクッカー 18,e47ec569-5276-4eee-b8d4-2b9548770a50,tmp/gear-images/processed/catalog-remaining-existing-visible/e47ec569-5276-4eee-b8d4-2b9548770a50.png,tmp/gear-images/processed/catalog-remaining-existing-visible/by-brand/mont-bell/アルパインクッカー 18 - e47ec569.png,https://webshop.montbell.jp/common/images/product/prod_s/s1124902.jpg
mont-bell,アルパインクッカー 20,アルパインクッカー 20,bda32281-2044-4232-a7e8-7de51e7f25b0,tmp/gear-images/processed/catalog-remaining-existing-visible/bda32281-2044-4232-a7e8-7de51e7f25b0.png,tmp/gear-images/processed/catalog-remaining-existing-visible/by-brand/mont-bell/アルパインクッカー 20 - bda32281.png,https://webshop.montbell.jp/common/images/product/prod_s/s1124903.jpg
mont-bell,アルパインクッカー ソロセット,アルパインクッカー ソロセット,d7b83d0c-fdde-4521-9fc5-6a5bf8a9ea81,tmp/gear-images/processed/catalog-remaining-existing-visible/d7b83d0c-fdde-4521-9fc5-6a5bf8a9ea81.png,tmp/gear-images/processed/catalog-remaining-existing-visible/by-brand/mont-bell/アルパインクッカー ソロセット - d7b83d0c.png,https://webshop.montbell.jp/common/images/product/prod_s/s1124911.jpg
mont-bell,アルパインダウン パーカ Men's,アルパインダウン パーカ Men's,dbc5a976-e0f9-4387-b9b2-3cf2a064db70,tmp/gear-images/processed/catalog-remaining-existing-visible/dbc5a976-e0f9-4387-b9b2-3cf2a064db70.png,tmp/gear-images/processed/catalog-remaining-existing-visible/by-brand/mont-bell/アルパインダウン パーカ Men's - dbc5a976.png,https://webshop.montbell.jp/common/images/product/prod_s/s_1101708_bgn.jpg
mont-bell,アルパインダウン パーカ Women's,アルパインダウン パーカ Women's,920b6b58-848c-4e15-89f4-7929b7300857,tmp/gear-images/processed/catalog-remaining-existing-visible/920b6b58-848c-4e15-89f4-7929b7300857.png,tmp/gear-images/processed/catalog-remaining-existing-visible/by-brand/mont-bell/アルパインダウン パーカ Women's - 920b6b58.png,https://webshop.montbell.jp/common/images/product/prod_s/s_1101709_iv.jpg
mont-bell,アルパインパック 40,アルパインパック 40,a175c241-f768-4961-812e-37e4eb2015e4,tmp/gear-images/processed/catalog-remaining-existing-visible/a175c241-f768-4961-812e-37e4eb2015e4.png,tmp/gear-images/processed/catalog-remaining-existing-visible/by-brand/mont-bell/アルパインパック 40 - a175c241.png,https://webshop.montbell.jp/common/images/product/prod_s/s_1133364_bl.jpg
mont-bell,アルパインフライパン 16 ディープ,アルパインフライパン 16 ディープ,7480c5c8-4617-451b-aef6-6ca42d195967,tmp/gear-images/processed/catalog-remaining-existing-visible/7480c5c8-4617-451b-aef6-6ca42d195967.png,tmp/gear-images/processed/catalog-remaining-existing-visible/by-brand/mont-bell/アルパインフライパン 16 ディープ - 7480c5c8.png,https://webshop.montbell.jp/common/images/product/prod_s/s1124961.jpg
mont-bell,ガレナパック 20,ガレナパック 20,4a62bfb7-71d2-4772-a652-f5272a8c80d7,tmp/gear-images/processed/catalog-remaining-existing-visible/4a62bfb7-71d2-4772-a652-f5272a8c80d7.png,tmp/gear-images/processed/catalog-remaining-existing-visible/by-brand/mont-bell/ガレナパック 20 - 4a62bfb7.png,https://webshop.montbell.jp/common/images/product/prod_s/s_1133161_orbl.jpg
mont-bell,ガレナパック 25,ガレナパック 25,04c2e389-cb45-4ffa-bbca-274512615526,tmp/gear-images/processed/catalog-remaining-existing-visible/04c2e389-cb45-4ffa-bbca-274512615526.png,tmp/gear-images/processed/catalog-remaining-existing-visible/by-brand/mont-bell/ガレナパック 25 - 04c2e389.png,https://webshop.montbell.jp/common/images/product/prod_s/s_1133162_tera.jpg
mont-bell,ガレナパック 25 Women's,ガレナパック 25 Women's,010f04c1-c141-4757-bbee-456ac53bc9ab,tmp/gear-images/processed/catalog-remaining-existing-visible/010f04c1-c141-4757-bbee-456ac53bc9ab.png,tmp/gear-images/processed/catalog-remaining-existing-visible/by-brand/mont-bell/ガレナパック 25 Women's - 010f04c1.png,https://webshop.montbell.jp/common/images/product/prod_s/s_1133164_stvt.jpg
mont-bell,ガレナパック 30,ガレナパック 30,1201daaf-858e-47dd-9c28-a62adf79ee35,tmp/gear-images/processed/catalog-remaining-existing-visible/1201daaf-858e-47dd-9c28-a62adf79ee35.png,tmp/gear-images/processed/catalog-remaining-existing-visible/by-brand/mont-bell/ガレナパック 30 - 1201daaf.png,https://webshop.montbell.jp/common/images/product/prod_s/s_1133163_tera.jpg
mont-bell,ガレナパック 30 Women's,ガレナパック 30 Women's,456643cc-db1e-4cf9-a01e-f3f5dbbff8c9,tmp/gear-images/processed/catalog-remaining-existing-visible/456643cc-db1e-4cf9-a01e-f3f5dbbff8c9.png,tmp/gear-images/processed/catalog-remaining-existing-visible/by-brand/mont-bell/ガレナパック 30 Women's - 456643cc.png,https://webshop.montbell.jp/common/images/product/prod_s/s_1133165_mulb.jpg
mont-bell,クリマプラス100 ジャケット Men's,クリマプラス100 ジャケット Men's,e3a93409-4f89-4117-9ea6-ab8124ddb747,tmp/gear-images/processed/catalog-remaining-existing-visible/e3a93409-4f89-4117-9ea6-ab8124ddb747.png,tmp/gear-images/processed/catalog-remaining-existing-visible/by-brand/mont-bell/クリマプラス100 ジャケット Men's - e3a93409.png,https://webshop.montbell.jp/common/images/product/prod_s/s_1106591_gn.jpg
mont-bell,クリマプラス200 ジャケット Men's,クリマプラス200 ジャケット Men's,e63aa376-9d44-409d-a088-f899d516527a,tmp/gear-images/processed/catalog-remaining-existing-visible/e63aa376-9d44-409d-a088-f899d516527a.png,tmp/gear-images/processed/catalog-remaining-existing-visible/by-brand/mont-bell/クリマプラス200 ジャケット Men's - e63aa376.png,https://webshop.montbell.jp/common/images/product/prod_s/s_1106580_bk.jpg
mont-bell,クロノスドーム2,クロノスドーム2,29f7d3aa-4f74-4037-8c9b-b5bc5598b4ae,tmp/gear-images/processed/catalog-remaining-existing-visible/29f7d3aa-4f74-4037-8c9b-b5bc5598b4ae.png,tmp/gear-images/processed/catalog-remaining-existing-visible/by-brand/mont-bell/クロノスドーム2 - 29f7d3aa.png,https://webshop.montbell.jp/common/images/product/prod_s/s_1122718_gdog.jpg
mont-bell,コンパクトヘッドランプ,コンパクトヘッドランプ,63e6d3cc-6d81-4349-ba85-40fc75c55a54,tmp/gear-images/processed/catalog-remaining-existing-visible/63e6d3cc-6d81-4349-ba85-40fc75c55a54.png,tmp/gear-images/processed/catalog-remaining-existing-visible/by-brand/mont-bell/コンパクトヘッドランプ - 63e6d3cc.png,https://webshop.montbell.jp/common/images/product/prod_s/s_1124833_neyl.jpg
mont-bell,シームレス アルパイン バロウバッグ #0,シームレス アルパイン バロウバッグ #0,bb528ee0-b72a-4f9d-8736-44fe17505e75,tmp/gear-images/processed/catalog-remaining-existing-visible/bb528ee0-b72a-4f9d-8736-44fe17505e75.png,tmp/gear-images/processed/catalog-remaining-existing-visible/by-brand/mont-bell/シームレス アルパイン バロウバッグ #0 - bb528ee0.png,https://webshop.montbell.jp/common/images/product/prod_s/s_1121434_surd.jpg
mont-bell,シームレス アルパイン バロウバッグ #1,シームレス アルパイン バロウバッグ #1,eef0dc6e-64c2-4a85-8088-c439b62793db,tmp/gear-images/processed/catalog-remaining-existing-visible/eef0dc6e-64c2-4a85-8088-c439b62793db.png,tmp/gear-images/processed/catalog-remaining-existing-visible/by-brand/mont-bell/シームレス アルパイン バロウバッグ #1 - eef0dc6e.png,https://webshop.montbell.jp/common/images/product/prod_s/s_1121435_og.jpg
mont-bell,シームレス アルパイン バロウバッグ #3,シームレス アルパイン バロウバッグ #3,8a257791-7ed7-4246-9071-fe906c94e3c9,tmp/gear-images/processed/catalog-remaining-existing-visible/8a257791-7ed7-4246-9071-fe906c94e3c9.png,tmp/gear-images/processed/catalog-remaining-existing-visible/by-brand/mont-bell/シームレス アルパイン バロウバッグ #3 - 8a257791.png,https://webshop.montbell.jp/common/images/product/prod_s/s_1121437_basm.jpg
mont-bell,シームレス アルパイン バロウバッグ #5,シームレス アルパイン バロウバッグ #5,cad4a9d0-faa3-43f2-9b0f-4005602008f0,tmp/gear-images/processed/catalog-remaining-existing-visible/cad4a9d0-faa3-43f2-9b0f-4005602008f0.png,tmp/gear-images/processed/catalog-remaining-existing-visible/by-brand/mont-bell/シームレス アルパイン バロウバッグ #5 - cad4a9d0.png,https://webshop.montbell.jp/common/images/product/prod_s/s_1121438_blri.jpg
mont-bell,シームレス ダウンハガー800 #0,シームレス ダウンハガー800 #0,e457c25a-2a5e-47bc-bf3a-027c6a71d03d,tmp/gear-images/processed/catalog-remaining-existing-visible/e457c25a-2a5e-47bc-bf3a-027c6a71d03d.png,tmp/gear-images/processed/catalog-remaining-existing-visible/by-brand/mont-bell/シームレス ダウンハガー800 #0 - e457c25a.png,https://webshop.montbell.jp/common/images/product/prod_s/s_1121484_rd.jpg
mont-bell,シームレス ダウンハガー800 #1,シームレス ダウンハガー800 #1,2defb46c-f9bf-4179-8023-2ec01ea181e1,tmp/gear-images/processed/catalog-remaining-existing-visible/2defb46c-f9bf-4179-8023-2ec01ea181e1.png,tmp/gear-images/processed/catalog-remaining-existing-visible/by-brand/mont-bell/シームレス ダウンハガー800 #1 - 2defb46c.png,https://webshop.montbell.jp/common/images/product/prod_s/s_1121485_og.jpg
mont-bell,シームレス ダウンハガー800 #2,シームレス ダウンハガー800 #2,0e980ec9-0345-4fa0-a07d-0237ef6c5666,tmp/gear-images/processed/catalog-remaining-existing-visible/0e980ec9-0345-4fa0-a07d-0237ef6c5666.png,tmp/gear-images/processed/catalog-remaining-existing-visible/by-brand/mont-bell/シームレス ダウンハガー800 #2 - 0e980ec9.png,https://webshop.montbell.jp/common/images/product/prod_s/s_1121486_bl.jpg
mont-bell,シームレス ダウンハガー800 #3,シームレス ダウンハガー800 #3,df6fa066-9695-43dd-b0c9-0d3cb23288f2,tmp/gear-images/processed/catalog-remaining-existing-visible/df6fa066-9695-43dd-b0c9-0d3cb23288f2.png,tmp/gear-images/processed/catalog-remaining-existing-visible/by-brand/mont-bell/シームレス ダウンハガー800 #3 - df6fa066.png,https://webshop.montbell.jp/common/images/product/prod_s/s_1121487_kh.jpg
mont-bell,シームレス ダウンハガー800 #5,シームレス ダウンハガー800 #5,ba7ede3b-4705-4f35-8eb4-f04f9d2043f3,tmp/gear-images/processed/catalog-remaining-existing-visible/ba7ede3b-4705-4f35-8eb4-f04f9d2043f3.png,tmp/gear-images/processed/catalog-remaining-existing-visible/by-brand/mont-bell/シームレス ダウンハガー800 #5 - ba7ede3b.png,https://webshop.montbell.jp/common/images/product/prod_s/s_1121488_bgn.jpg
mont-bell,シームレス ダウンハガー800 #7,シームレス ダウンハガー800 #7,96eec5b4-a241-4b76-9b08-8266fccc360b,tmp/gear-images/processed/catalog-remaining-existing-visible/96eec5b4-a241-4b76-9b08-8266fccc360b.png,tmp/gear-images/processed/catalog-remaining-existing-visible/by-brand/mont-bell/シームレス ダウンハガー800 #7 - 96eec5b4.png,https://webshop.montbell.jp/common/images/product/prod_s/s_1121489_pu.jpg
mont-bell,シームレス ダウンハガー800 Women's #1,シームレス ダウンハガー800 Women's #1,318ad0b7-f363-456c-b2ba-b591fbb80870,tmp/gear-images/processed/catalog-remaining-existing-visible/318ad0b7-f363-456c-b2ba-b591fbb80870.png,tmp/gear-images/processed/catalog-remaining-existing-visible/by-brand/mont-bell/シームレス ダウンハガー800 Women's #1 - 318ad0b7.png,https://webshop.montbell.jp/common/images/product/prod_s/s_1121499_pu.jpg
mont-bell,シームレス ダウンハガー800 Women's #2,シームレス ダウンハガー800 Women's #2,3409a1d0-d385-4cca-8b50-f79397642f0b,tmp/gear-images/processed/catalog-remaining-existing-visible/3409a1d0-d385-4cca-8b50-f79397642f0b.png,tmp/gear-images/processed/catalog-remaining-existing-visible/by-brand/mont-bell/シームレス ダウンハガー800 Women's #2 - 3409a1d0.png,https://webshop.montbell.jp/common/images/product/prod_s/s_1121500_yl.jpg
mont-bell,シームレス ダウンハガー800 Women's #3,シームレス ダウンハガー800 Women's #3,d3d09dc0-79de-4c96-9212-eafb5b8b71b9,tmp/gear-images/processed/catalog-remaining-existing-visible/d3d09dc0-79de-4c96-9212-eafb5b8b71b9.png,tmp/gear-images/processed/catalog-remaining-existing-visible/by-brand/mont-bell/シームレス ダウンハガー800 Women's #3 - d3d09dc0.png,https://webshop.montbell.jp/common/images/product/prod_s/s_1121501_tq.jpg
mont-bell,シームレス バロウバッグ #3,シームレス バロウバッグ #3,538e98ef-9760-41ff-a35c-50a7916f1e7b,tmp/gear-images/processed/catalog-remaining-existing-visible/538e98ef-9760-41ff-a35c-50a7916f1e7b.png,tmp/gear-images/processed/catalog-remaining-existing-visible/by-brand/mont-bell/シームレス バロウバッグ #3 - 538e98ef.png,https://webshop.montbell.jp/common/images/product/prod_s/s_1121426_basm.jpg
mont-bell,シームレス バロウバッグ #5,シームレス バロウバッグ #5,a2187d77-00d8-4c07-83f8-57a02c58960b,tmp/gear-images/processed/catalog-remaining-existing-visible/a2187d77-00d8-4c07-83f8-57a02c58960b.png,tmp/gear-images/processed/catalog-remaining-existing-visible/by-brand/mont-bell/シームレス バロウバッグ #5 - a2187d77.png,https://webshop.montbell.jp/common/images/product/prod_s/s_1121427_blri.jpg
mont-bell,ジェットパワー100G,ジェットパワー100G,608c9f97-09fb-4e2c-b0e9-8782945a6016,tmp/gear-images/processed/catalog-remaining-existing-visible/608c9f97-09fb-4e2c-b0e9-8782945a6016.png,tmp/gear-images/processed/catalog-remaining-existing-visible/by-brand/mont-bell/ジェットパワー100G - 608c9f97.png,https://webshop.montbell.jp/common/images/product/prod_s/s1824332.jpg
mont-bell,ジェットパワー230G,ジェットパワー230G,29a28eb6-27e9-4b84-863a-2939d3aa20c5,tmp/gear-images/processed/catalog-remaining-existing-visible/29a28eb6-27e9-4b84-863a-2939d3aa20c5.png,tmp/gear-images/processed/catalog-remaining-existing-visible/by-brand/mont-bell/ジェットパワー230G - 29a28eb6.png,https://webshop.montbell.jp/common/images/product/prod_s/s1824379.jpg
mont-bell,ジオライン EXP.タイツ Men's,ジオライン EXP.タイツ Men's,81d3c98b-9c0d-40b9-9983-ba1122eea2d2,tmp/gear-images/processed/catalog-remaining-existing-visible/81d3c98b-9c0d-40b9-9983-ba1122eea2d2.png,tmp/gear-images/processed/catalog-remaining-existing-visible/by-brand/mont-bell/ジオライン EXP.タイツ Men's - 81d3c98b.png,https://webshop.montbell.jp/common/images/product/prod_s/s_1107716_bk.jpg
mont-bell,ジオライン EXP.ラウンドネックシャツ Men's,ジオライン EXP.ラウンドネックシャツ Men's,308e64b3-179f-4e05-b055-521dba7f3669,tmp/gear-images/processed/catalog-remaining-existing-visible/308e64b3-179f-4e05-b055-521dba7f3669.png,tmp/gear-images/processed/catalog-remaining-existing-visible/by-brand/mont-bell/ジオライン EXP.ラウンドネックシャツ Men's - 308e64b3.png,https://webshop.montbell.jp/common/images/product/prod_s/s_1107712_bk.jpg
mont-bell,ジオライン EXP.ラウンドネックシャツ Women's,ジオライン EXP.ラウンドネックシャツ Women's,66244dff-8e85-4836-8b91-367b34963b15,tmp/gear-images/processed/catalog-remaining-existing-visible/66244dff-8e85-4836-8b91-367b34963b15.png,tmp/gear-images/processed/catalog-remaining-existing-visible/by-brand/mont-bell/ジオライン EXP.ラウンドネックシャツ Women's - 66244dff.png,https://webshop.montbell.jp/common/images/product/prod_s/s_1107713_bl.jpg
mont-bell,ジオライン L.W.タイツ Men's,ジオライン L.W.タイツ Men's,a62dedbe-c565-439b-b37c-474c4988dc72,tmp/gear-images/processed/catalog-remaining-existing-visible/a62dedbe-c565-439b-b37c-474c4988dc72.png,tmp/gear-images/processed/catalog-remaining-existing-visible/by-brand/mont-bell/ジオライン L.W.タイツ Men's - a62dedbe.png,https://webshop.montbell.jp/common/images/product/prod_s/s_1107742_nv.jpg
mont-bell,ジオライン L.W.ラウンドネックシャツ Men's,ジオライン L.W.ラウンドネックシャツ Men's,27074d21-2892-4475-8986-97129e594fb1,tmp/gear-images/processed/catalog-remaining-existing-visible/27074d21-2892-4475-8986-97129e594fb1.png,tmp/gear-images/processed/catalog-remaining-existing-visible/by-brand/mont-bell/ジオライン L.W.ラウンドネックシャツ Men's - 27074d21.png,https://webshop.montbell.jp/common/images/product/prod_s/s_1107732_lgy.jpg
mont-bell,ジオライン M.W.タイツ Men's,ジオライン M.W.タイツ Men's,9796d370-0a28-4eb1-86a0-4cfb4aeb5780,tmp/gear-images/processed/catalog-remaining-existing-visible/9796d370-0a28-4eb1-86a0-4cfb4aeb5780.png,tmp/gear-images/processed/catalog-remaining-existing-visible/by-brand/mont-bell/ジオライン M.W.タイツ Men's - 9796d370.png,https://webshop.montbell.jp/common/images/product/prod_s/s_1107709_dgn.jpg
mont-bell,ジオライン M.W.ラウンドネックシャツ Men's,ジオライン M.W.ラウンドネックシャツ Men's,50fb7311-a47c-4b32-a85c-6f9e3f6ba46a,tmp/gear-images/processed/catalog-remaining-existing-visible/50fb7311-a47c-4b32-a85c-6f9e3f6ba46a.png,tmp/gear-images/processed/catalog-remaining-existing-visible/by-brand/mont-bell/ジオライン M.W.ラウンドネックシャツ Men's - 50fb7311.png,https://webshop.montbell.jp/common/images/product/prod_s/s_1107704_dgn.jpg
mont-bell,スーパーメリノウール M.W. タイツ Men's,スーパーメリノウール M.W. タイツ Men's,7de475a1-9dba-46c2-b6a6-8e09684ea377,tmp/gear-images/processed/catalog-remaining-existing-visible/7de475a1-9dba-46c2-b6a6-8e09684ea377.png,tmp/gear-images/processed/catalog-remaining-existing-visible/by-brand/mont-bell/スーパーメリノウール M.W. タイツ Men's - 7de475a1.png,https://webshop.montbell.jp/common/images/product/prod_s/s_1107659_dknv.jpg
mont-bell,スーパーメリノウール M.W. ラウンドネックシャツ Women's,スーパーメリノウール M.W. ラウンドネックシャツ Women's,dc7674a4-bc50-4011-b286-263ad04d7f48,tmp/gear-images/processed/catalog-remaining-existing-visible/dc7674a4-bc50-4011-b286-263ad04d7f48.png,tmp/gear-images/processed/catalog-remaining-existing-visible/by-brand/mont-bell/スーパーメリノウール M.W. ラウンドネックシャツ Women's - dc7674a4.png,https://webshop.montbell.jp/common/images/product/prod_s/s_1107655_rdvt.jpg
mont-bell,ステラリッジ テント トレール1 本体,ステラリッジ テント トレール1 本体,f3544e1c-7c04-4be4-9883-a44f3a182ee0,tmp/gear-images/processed/catalog-remaining-existing-visible/f3544e1c-7c04-4be4-9883-a44f3a182ee0.png,tmp/gear-images/processed/catalog-remaining-existing-visible/by-brand/mont-bell/ステラリッジ テント トレール1 本体 - f3544e1c.png,https://webshop.montbell.jp/common/images/product/prod_s/s_1122823_lgy.jpg
mont-bell,ステラリッジ テント トレール2 本体,ステラリッジ テント トレール2 本体,0a3653b0-c131-4470-bf23-dd41538dc59c,tmp/gear-images/processed/catalog-remaining-existing-visible/0a3653b0-c131-4470-bf23-dd41538dc59c.png,tmp/gear-images/processed/catalog-remaining-existing-visible/by-brand/mont-bell/ステラリッジ テント トレール2 本体 - 0a3653b0.png,https://webshop.montbell.jp/common/images/product/prod_s/s_1122824_lgy.jpg
mont-bell,ステラリッジ テント1 本体,ステラリッジ テント1 本体,440c0281-2e17-46d2-b917-ff44e905cd8e,tmp/gear-images/processed/catalog-remaining-existing-visible/440c0281-2e17-46d2-b917-ff44e905cd8e.png,tmp/gear-images/processed/catalog-remaining-existing-visible/by-brand/mont-bell/ステラリッジ テント1 本体 - 440c0281.png,https://webshop.montbell.jp/common/images/product/prod_s/s_1122814_lgy.jpg
mont-bell,ステラリッジ テント2 本体,ステラリッジ テント2 本体,a7d04ccb-92e0-48ba-9e11-bcb6bdb9a9fd,tmp/gear-images/processed/catalog-remaining-existing-visible/a7d04ccb-92e0-48ba-9e11-bcb6bdb9a9fd.png,tmp/gear-images/processed/catalog-remaining-existing-visible/by-brand/mont-bell/ステラリッジ テント2 本体 - a7d04ccb.png,https://webshop.montbell.jp/common/images/product/prod_s/s_1122815_lgy.jpg
mont-bell,ステラリッジ テント3 本体,ステラリッジ テント3 本体,3c671d29-4ce5-48b2-8cd4-50c26ebf9c8b,tmp/gear-images/processed/catalog-remaining-existing-visible/3c671d29-4ce5-48b2-8cd4-50c26ebf9c8b.png,tmp/gear-images/processed/catalog-remaining-existing-visible/by-brand/mont-bell/ステラリッジ テント3 本体 - 3c671d29.png,https://webshop.montbell.jp/common/images/product/prod_s/s_1122816_lgy.jpg
mont-bell,ステラリッジ テント4 本体,ステラリッジ テント4 本体,deae0ec6-9eb9-4618-b125-d3ee4027ff1c,tmp/gear-images/processed/catalog-remaining-existing-visible/deae0ec6-9eb9-4618-b125-d3ee4027ff1c.png,tmp/gear-images/processed/catalog-remaining-existing-visible/by-brand/mont-bell/ステラリッジ テント4 本体 - deae0ec6.png,https://webshop.montbell.jp/common/images/product/prod_s/s_1122817_lgy.jpg
mont-bell,スペリオダウン ラウンドネックジャケット Men's,スペリオダウン ラウンドネックジャケット Men's,d9e0c2ac-5c89-453e-b6d6-495d930e9c6e,tmp/gear-images/processed/catalog-remaining-existing-visible/d9e0c2ac-5c89-453e-b6d6-495d930e9c6e.png,tmp/gear-images/processed/catalog-remaining-existing-visible/by-brand/mont-bell/スペリオダウン ラウンドネックジャケット Men's - d9e0c2ac.png,https://webshop.montbell.jp/common/images/product/prod_s/s_1101666_tn25.jpg
mont-bell,スペリオダウン ラウンドネックジャケット Women's,スペリオダウン ラウンドネックジャケット Women's,a708399e-cdfd-4c3c-9b84-1a68e6fc2c5a,tmp/gear-images/processed/catalog-remaining-existing-visible/a708399e-cdfd-4c3c-9b84-1a68e6fc2c5a.png,tmp/gear-images/processed/catalog-remaining-existing-visible/by-brand/mont-bell/スペリオダウン ラウンドネックジャケット Women's - a708399e.png,https://webshop.montbell.jp/common/images/product/prod_s/s_1101667_yl.jpg
mont-bell,チェーンスパイク,チェーンスパイク,52e6520e-aa15-4f9c-a363-cbc6b7a4dd43,tmp/gear-images/processed/catalog-remaining-existing-visible/52e6520e-aa15-4f9c-a363-cbc6b7a4dd43.png,tmp/gear-images/processed/catalog-remaining-existing-visible/by-brand/mont-bell/チェーンスパイク - 52e6520e.png,https://webshop.montbell.jp/common/images/product/prod_s/s_1129740_og.jpg
mont-bell,チャチャパック 30,チャチャパック 30,5530358e-eef8-4f52-b52d-640c48d5b590,tmp/gear-images/processed/catalog-remaining-existing-visible/5530358e-eef8-4f52-b52d-640c48d5b590.png,tmp/gear-images/processed/catalog-remaining-existing-visible/by-brand/mont-bell/チャチャパック 30 - 5530358e.png,https://webshop.montbell.jp/common/images/product/prod_s/s_1133512_wrd.jpg
mont-bell,チャチャパック 35,チャチャパック 35,e5e63691-0208-4519-8f4e-1a1e6d3eadd3,tmp/gear-images/processed/catalog-remaining-existing-visible/e5e63691-0208-4519-8f4e-1a1e6d3eadd3.png,tmp/gear-images/processed/catalog-remaining-existing-visible/by-brand/mont-bell/チャチャパック 35 - e5e63691.png,https://webshop.montbell.jp/common/images/product/prod_s/s_1133514_bgn.jpg
mont-bell,チャチャパック 40,チャチャパック 40,31a86aa1-7628-41e1-b59a-c565d4c0de4f,tmp/gear-images/processed/catalog-remaining-existing-visible/31a86aa1-7628-41e1-b59a-c565d4c0de4f.png,tmp/gear-images/processed/catalog-remaining-existing-visible/by-brand/mont-bell/チャチャパック 40 - 31a86aa1.png,https://webshop.montbell.jp/common/images/product/prod_s/s_1133516_bgn.jpg
mont-bell,ツオロミー ブーツ Men's,ツオロミー ブーツ Men's,d7f670f7-a8fe-4da6-922c-bc8eba96ed91,tmp/gear-images/processed/catalog-remaining-existing-visible/d7f670f7-a8fe-4da6-922c-bc8eba96ed91.png,tmp/gear-images/processed/catalog-remaining-existing-visible/by-brand/mont-bell/ツオロミー ブーツ Men's - d7f670f7.png,https://webshop.montbell.jp/common/images/product/prod_s/s_1129467_ovgn.jpg
mont-bell,ツオロミー ブーツ Women's,ツオロミー ブーツ Women's,eba0e679-cddd-406f-89eb-2d5ba61ad010,tmp/gear-images/processed/catalog-remaining-existing-visible/eba0e679-cddd-406f-89eb-2d5ba61ad010.png,tmp/gear-images/processed/catalog-remaining-existing-visible/by-brand/mont-bell/ツオロミー ブーツ Women's - eba0e679.png,https://webshop.montbell.jp/common/images/product/prod_s/s_1129468_stvt.jpg
mont-bell,テナヤ ブーツ Women's,テナヤ ブーツ Women's,f7bb54ba-fa6b-4477-9b7c-3fd5171329ad,tmp/gear-images/processed/catalog-remaining-existing-visible/f7bb54ba-fa6b-4477-9b7c-3fd5171329ad.png,tmp/gear-images/processed/catalog-remaining-existing-visible/by-brand/mont-bell/テナヤ ブーツ Women's - f7bb54ba.png,https://webshop.montbell.jp/common/images/product/prod_s/s_1129466_chnt.jpg
mont-bell,ドライ シームレス ダウンハガー900 #1,ドライ シームレス ダウンハガー900 #1,2831e7de-b00e-4a23-b06c-92781716ff8b,tmp/gear-images/processed/catalog-remaining-existing-visible/2831e7de-b00e-4a23-b06c-92781716ff8b.png,tmp/gear-images/processed/catalog-remaining-existing-visible/by-brand/mont-bell/ドライ シームレス ダウンハガー900 #1 - 2831e7de.png,https://webshop.montbell.jp/common/images/product/prod_s/s_1121470_og.jpg
mont-bell,ドライ シームレス ダウンハガー900 #2,ドライ シームレス ダウンハガー900 #2,d0bf7a61-502c-4bea-a23e-5707301a4e02,tmp/gear-images/processed/catalog-remaining-existing-visible/d0bf7a61-502c-4bea-a23e-5707301a4e02.png,tmp/gear-images/processed/catalog-remaining-existing-visible/by-brand/mont-bell/ドライ シームレス ダウンハガー900 #2 - d0bf7a61.png,https://webshop.montbell.jp/common/images/product/prod_s/s_1121471_yl.jpg
mont-bell,ドライ シームレス ダウンハガー900 #3,ドライ シームレス ダウンハガー900 #3,e33ff5fe-0508-4760-8c63-382b60f4fb35,tmp/gear-images/processed/catalog-remaining-existing-visible/e33ff5fe-0508-4760-8c63-382b60f4fb35.png,tmp/gear-images/processed/catalog-remaining-existing-visible/by-brand/mont-bell/ドライ シームレス ダウンハガー900 #3 - e33ff5fe.png,https://webshop.montbell.jp/common/images/product/prod_s/s_1121472_bgn.jpg
mont-bell,バーサライトパック 15,バーサライトパック 15,323b7d45-b083-4e78-9c10-f1b7eb5b4752,tmp/gear-images/processed/catalog-remaining-existing-visible/323b7d45-b083-4e78-9c10-f1b7eb5b4752.png,tmp/gear-images/processed/catalog-remaining-existing-visible/by-brand/mont-bell/バーサライトパック 15 - 323b7d45.png,https://webshop.montbell.jp/common/images/product/prod_s/s_1133321_cyl.jpg
mont-bell,バーサライトパック 20,バーサライトパック 20,1aeed088-10f6-44d8-8b71-f106f149fd28,tmp/gear-images/processed/catalog-remaining-existing-visible/1aeed088-10f6-44d8-8b71-f106f149fd28.png,tmp/gear-images/processed/catalog-remaining-existing-visible/by-brand/mont-bell/バーサライトパック 20 - 1aeed088.png,https://webshop.montbell.jp/common/images/product/prod_s/s_1133322_icwt.jpg
mont-bell,バーサライトパック 30,バーサライトパック 30,86fe2125-9362-4303-8067-539f0d5d402b,tmp/gear-images/processed/catalog-remaining-existing-visible/86fe2125-9362-4303-8067-539f0d5d402b.png,tmp/gear-images/processed/catalog-remaining-existing-visible/by-brand/mont-bell/バーサライトパック 30 - 86fe2125.png,https://webshop.montbell.jp/common/images/product/prod_s/s_1133323_cyl.jpg
mont-bell,バーサライトパック 40,バーサライトパック 40,3d67d7c9-6304-42be-bb3c-72b023757ace,tmp/gear-images/processed/catalog-remaining-existing-visible/3d67d7c9-6304-42be-bb3c-72b023757ace.png,tmp/gear-images/processed/catalog-remaining-existing-visible/by-brand/mont-bell/バーサライトパック 40 - 3d67d7c9.png,https://webshop.montbell.jp/common/images/product/prod_s/s_1133324_blbk.jpg
mont-bell,バーサライトパンツ Men's,バーサライトパンツ Men's,3514e2f1-cc61-4712-ae41-e1d287dc6413,tmp/gear-images/processed/catalog-remaining-existing-visible/3514e2f1-cc61-4712-ae41-e1d287dc6413.png,tmp/gear-images/processed/catalog-remaining-existing-visible/by-brand/mont-bell/バーサライトパンツ Men's - 3514e2f1.png,https://webshop.montbell.jp/common/images/product/prod_s/s_1128665_bk.jpg
mont-bell,フォームパッド 120,フォームパッド 120,f0797749-d601-49ee-99d2-a2ca6be1423d,tmp/gear-images/processed/catalog-remaining-existing-visible/f0797749-d601-49ee-99d2-a2ca6be1423d.png,tmp/gear-images/processed/catalog-remaining-existing-visible/by-brand/mont-bell/フォームパッド 120 - f0797749.png,https://webshop.montbell.jp/common/images/product/prod_s/s_1124827_cnbl.jpg
mont-bell,フォームパッド 150,フォームパッド 150,0440e16a-b8c7-45a9-83d1-09c589e00c90,tmp/gear-images/processed/catalog-remaining-existing-visible/0440e16a-b8c7-45a9-83d1-09c589e00c90.png,tmp/gear-images/processed/catalog-remaining-existing-visible/by-brand/mont-bell/フォームパッド 150 - 0440e16a.png,https://webshop.montbell.jp/common/images/product/prod_s/s_1124826_cnbl.jpg
mont-bell,フォームパッド 180,フォームパッド 180,cfd1398e-473c-4ea8-8c34-93e525233f6b,tmp/gear-images/processed/catalog-remaining-existing-visible/cfd1398e-473c-4ea8-8c34-93e525233f6b.png,tmp/gear-images/processed/catalog-remaining-existing-visible/by-brand/mont-bell/フォームパッド 180 - cfd1398e.png,https://webshop.montbell.jp/common/images/product/prod_s/s_1124825_cnbl.jpg
mont-bell,プラズマ1000 アルパイン ダウンパーカ Women's,プラズマ1000 アルパイン ダウンパーカ Women's,dc45c628-bdbf-43df-9e72-c1a2975aa60b,tmp/gear-images/processed/catalog-remaining-existing-visible/dc45c628-bdbf-43df-9e72-c1a2975aa60b.png,tmp/gear-images/processed/catalog-remaining-existing-visible/by-brand/mont-bell/プラズマ1000 アルパイン ダウンパーカ Women's - dc45c628.png,https://webshop.montbell.jp/common/images/product/prod_s/s_1101578_rdbr.jpg
mont-bell,プラズマ1000 アルパインダウン パーカ Men's,プラズマ1000 アルパインダウン パーカ Men's,c7bf0b86-405e-4692-81e5-16c16c3d0c67,tmp/gear-images/processed/catalog-remaining-existing-visible/c7bf0b86-405e-4692-81e5-16c16c3d0c67.png,tmp/gear-images/processed/catalog-remaining-existing-visible/by-brand/mont-bell/プラズマ1000 アルパインダウン パーカ Men's - c7bf0b86.png,https://webshop.montbell.jp/common/images/product/prod_s/s_1101528_puid.jpg
mont-bell,マウンテンクルーザー400 Men's,マウンテンクルーザー400 Men's,2e4a0297-8159-4391-b4b6-84994eeaf33d,tmp/gear-images/processed/catalog-remaining-existing-visible/2e4a0297-8159-4391-b4b6-84994eeaf33d.png,tmp/gear-images/processed/catalog-remaining-existing-visible/by-brand/mont-bell/マウンテンクルーザー400 Men's - 2e4a0297.png,https://webshop.montbell.jp/common/images/product/prod_s/s_1129758_tn.jpg
mont-bell,マウンテンクルーザー400 Women's,マウンテンクルーザー400 Women's,03e7614e-a2c2-4d3f-aa61-f27ce2b3b2e7,tmp/gear-images/processed/catalog-remaining-existing-visible/03e7614e-a2c2-4d3f-aa61-f27ce2b3b2e7.png,tmp/gear-images/processed/catalog-remaining-existing-visible/by-brand/mont-bell/マウンテンクルーザー400 Women's - 03e7614e.png,https://webshop.montbell.jp/common/images/product/prod_s/s_1129759_gy.jpg
mont-bell,マウンテンクルーザー600 Men's,マウンテンクルーザー600 Men's,6d3cdb3a-3da2-4000-a78a-00c5e1a8423b,tmp/gear-images/processed/catalog-remaining-existing-visible/6d3cdb3a-3da2-4000-a78a-00c5e1a8423b.png,tmp/gear-images/processed/catalog-remaining-existing-visible/by-brand/mont-bell/マウンテンクルーザー600 Men's - 6d3cdb3a.png,https://webshop.montbell.jp/common/images/product/prod_s/s_1129748_dgy.jpg
mont-bell,マウンテンクルーザー600 Women's,マウンテンクルーザー600 Women's,27cd0967-741f-4097-9780-31c299c49fb0,tmp/gear-images/processed/catalog-remaining-existing-visible/27cd0967-741f-4097-9780-31c299c49fb0.png,tmp/gear-images/processed/catalog-remaining-existing-visible/by-brand/mont-bell/マウンテンクルーザー600 Women's - 27cd0967.png,https://webshop.montbell.jp/common/images/product/prod_s/s_1129749_pu.jpg
mont-bell,マルチパワー ヘッドランプ,マルチパワー ヘッドランプ,d089fc81-85fc-416d-a871-2c750ebc80cc,tmp/gear-images/processed/catalog-remaining-existing-visible/d089fc81-85fc-416d-a871-2c750ebc80cc.png,tmp/gear-images/processed/catalog-remaining-existing-visible/by-brand/mont-bell/マルチパワー ヘッドランプ - d089fc81.png,https://webshop.montbell.jp/common/images/product/prod_s/s_1134204_og.jpg
mont-bell,ムーンライト テント1,ムーンライト テント1,e6b62d04-1eb5-4de1-b14d-e9497067df9e,tmp/gear-images/processed/catalog-remaining-existing-visible/e6b62d04-1eb5-4de1-b14d-e9497067df9e.png,tmp/gear-images/processed/catalog-remaining-existing-visible/by-brand/mont-bell/ムーンライト テント1 - e6b62d04.png,https://webshop.montbell.jp/common/images/product/prod_s/s_1122762_spgn.jpg
mont-bell,ムーンライト テント2,ムーンライト テント2,fc227538-38ad-46b7-a4c9-1d7770c9ea6e,tmp/gear-images/processed/catalog-remaining-existing-visible/fc227538-38ad-46b7-a4c9-1d7770c9ea6e.png,tmp/gear-images/processed/catalog-remaining-existing-visible/by-brand/mont-bell/ムーンライト テント2 - fc227538.png,https://webshop.montbell.jp/common/images/product/prod_s/s_1122763_ltn.jpg
mont-bell,ムーンライト テント4,ムーンライト テント4,1ee9cdc8-2fab-47ac-8ff4-ea1a5ebe9074,tmp/gear-images/processed/catalog-remaining-existing-visible/1ee9cdc8-2fab-47ac-8ff4-ea1a5ebe9074.png,tmp/gear-images/processed/catalog-remaining-existing-visible/by-brand/mont-bell/ムーンライト テント4 - 1ee9cdc8.png,https://webshop.montbell.jp/common/images/product/prod_s/s_1122764_spgn.jpg
mont-bell,ライトツェルト,ライトツェルト,4188081d-c3d3-4ebf-ac9c-f677ac560f2f,tmp/gear-images/processed/catalog-remaining-existing-visible/4188081d-c3d3-4ebf-ac9c-f677ac560f2f.png,tmp/gear-images/processed/catalog-remaining-existing-visible/by-brand/mont-bell/ライトツェルト - 4188081d.png,https://webshop.montbell.jp/common/images/product/prod_s/s_1122704_cyl.jpg
mont-bell,ライトツェルト L,ライトツェルト L,0bcec559-2fb8-48a7-a57f-bef946033177,tmp/gear-images/processed/catalog-remaining-existing-visible/0bcec559-2fb8-48a7-a57f-bef946033177.png,tmp/gear-images/processed/catalog-remaining-existing-visible/by-brand/mont-bell/ライトツェルト L - 0bcec559.png,https://webshop.montbell.jp/common/images/product/prod_s/s_1122792_yl.jpg
NEMO,Tensor™ All-Season レギュラー マミー,Tensor All-Season Regular Mummy,fcbae488-fe27-4c84-8af4-6a917a5d870f,tmp/gear-images/processed/catalog-remaining-existing-visible/fcbae488-fe27-4c84-8af4-6a917a5d870f.png,tmp/gear-images/processed/catalog-remaining-existing-visible/by-brand/NEMO/TensorTM All-Season レギュラー マミー - Tensor All-Season Regular Mummy - fcbae488.png,https://cdn.shopify.com/s/files/1/0895/7431/0174/files/Tensor-AllSeason-RegularMummy_811666035127_01-Main.jpg?v=1735122237
NEMO,Tensor™ Elite レギュラー マミー,Tensor Elite Regular Mummy,64a56625-ded7-44f8-b9d8-06848ffc9a82,tmp/gear-images/processed/catalog-remaining-existing-visible/64a56625-ded7-44f8-b9d8-06848ffc9a82.png,tmp/gear-images/processed/catalog-remaining-existing-visible/by-brand/NEMO/TensorTM Elite レギュラー マミー - Tensor Elite Regular Mummy - 64a56625.png,https://cdn.shopify.com/s/files/1/0895/7431/0174/files/f4e58f05e387e925674dccbcb8798307.jpg?v=1736146478
NEMO,Tensor™ Extreme Conditions レギュラーマミー,Tensor Extreme Conditions Regular Mummy,0cbc5126-0e27-43a4-a9d6-158d640aa317,tmp/gear-images/processed/catalog-remaining-existing-visible/0cbc5126-0e27-43a4-a9d6-158d640aa317.png,tmp/gear-images/processed/catalog-remaining-existing-visible/by-brand/NEMO/TensorTM Extreme Conditions レギュラーマミー - Tensor Extreme Conditions Regular Mummy - 0cbc5126.png,https://cdn.shopify.com/s/files/1/0895/7431/0174/files/edit_Tensor-ExtremeConditions-RegularMummy_811666034281_01-Main.jpg?v=1736146375
NEMO,Tensor™ Trail レギュラー マミー,Tensor Trail Regular Mummy,dc3a3186-3446-4ebf-935d-747995d98528,tmp/gear-images/processed/catalog-remaining-existing-visible/dc3a3186-3446-4ebf-935d-747995d98528.png,tmp/gear-images/processed/catalog-remaining-existing-visible/by-brand/NEMO/TensorTM Trail レギュラー マミー - Tensor Trail Regular Mummy - dc3a3186.png,https://cdn.shopify.com/s/files/1/0895/7431/0174/files/Tensor-Trail-RegularMummy_811666035073_01-Main_f2e34f7c-55de-4b7d-aa8b-f4fbb0d0aeb5.jpg?v=1734669343
Osprey,エクソスプロ55,エクソスプロ55,7ac2f965-0551-49de-99ef-ede4fbf21928,tmp/gear-images/processed/catalog-remaining-existing-visible/7ac2f965-0551-49de-99ef-ede4fbf21928.png,tmp/gear-images/processed/catalog-remaining-existing-visible/by-brand/Osprey/エクソスプロ55 - 7ac2f965.png,https://www.lostarrow.co.jp/img/goods/S/OS50380001_S.webp
Osprey,ケストレル38,ケストレル38,ffe22c2c-f312-4c43-8189-7654b839523f,tmp/gear-images/processed/catalog-remaining-existing-visible/ffe22c2c-f312-4c43-8189-7654b839523f.png,tmp/gear-images/processed/catalog-remaining-existing-visible/by-brand/Osprey/ケストレル38 - ffe22c2c.png,https://www.lostarrow.co.jp/img/goods/S/OS50383003_S.webp
Osprey,ケストレル48,ケストレル48,9e876b9a-0c9a-45e2-9816-3e35afb28fc5,tmp/gear-images/processed/catalog-remaining-existing-visible/9e876b9a-0c9a-45e2-9816-3e35afb28fc5.png,tmp/gear-images/processed/catalog-remaining-existing-visible/by-brand/Osprey/ケストレル48 - 9e876b9a.png,https://www.lostarrow.co.jp/img/goods/S/OS50382002_S.webp
Osprey,ケストレルLT35,ケストレルLT35,60e24ca8-fd65-4022-97c8-33ee2a20311c,tmp/gear-images/processed/catalog-remaining-existing-visible/60e24ca8-fd65-4022-97c8-33ee2a20311c.png,tmp/gear-images/processed/catalog-remaining-existing-visible/by-brand/Osprey/ケストレルLT35 - 60e24ca8.png,https://www.lostarrow.co.jp/img/goods/S/OS50159001_S.webp
Osprey,ケストレルLT45,ケストレルLT45,08d71495-409a-4f1e-a05a-68a3d8695ff7,tmp/gear-images/processed/catalog-remaining-existing-visible/08d71495-409a-4f1e-a05a-68a3d8695ff7.png,tmp/gear-images/processed/catalog-remaining-existing-visible/by-brand/Osprey/ケストレルLT45 - 08d71495.png,https://www.lostarrow.co.jp/img/goods/S/OS50158001_S.webp
Osprey,タロンプロ40,タロンプロ40,cde77e2d-3263-41c0-9c57-0137f38a4c18,tmp/gear-images/processed/catalog-remaining-existing-visible/cde77e2d-3263-41c0-9c57-0137f38a4c18.png,tmp/gear-images/processed/catalog-remaining-existing-visible/by-brand/Osprey/タロンプロ40 - cde77e2d.png,https://www.lostarrow.co.jp/img/goods/S/OS50271001_S.webp
Osprey,タロンベロシティ20,タロンベロシティ20,833a0f31-c5a6-481e-9543-6d3a471eaed5,tmp/gear-images/processed/catalog-remaining-existing-visible/833a0f31-c5a6-481e-9543-6d3a471eaed5.png,tmp/gear-images/processed/catalog-remaining-existing-visible/by-brand/Osprey/タロンベロシティ20 - 833a0f31.png,https://www.lostarrow.co.jp/img/goods/S/OS50268001_S.webp
Osprey,テンペストベロシティ20,テンペストベロシティ20,c5809356-b95a-494c-b2d3-e1a1bede15cf,tmp/gear-images/processed/catalog-remaining-existing-visible/c5809356-b95a-494c-b2d3-e1a1bede15cf.png,tmp/gear-images/processed/catalog-remaining-existing-visible/by-brand/Osprey/テンペストベロシティ20 - c5809356.png,https://www.lostarrow.co.jp/img/goods/S/OS50270001_S.webp
patagonia,トレントシェル 3L ジャケット,Torrentshell 3L Jacket,610379a2-999f-4b59-aa27-20233d18358c,tmp/gear-images/processed/catalog-remaining-existing-visible/610379a2-999f-4b59-aa27-20233d18358c.png,tmp/gear-images/processed/catalog-remaining-existing-visible/by-brand/patagonia/トレントシェル 3L ジャケット - Torrentshell 3L Jacket - 610379a2.png,https://edge.dis.commercecloud.salesforce.com/dw/image/v2/BDJB_PRD/on/demandware.static/-/Sites-patagonia-master/default/dw68155cdb/images/hi-res/85241_CPRG.jpg?sw=768&sh=768&sfrm=png&q=95&bgcolor=f3f4ef
patagonia,フーディニ ジャケット,Houdini Jacket,b27ed510-2b70-4e1a-9d36-fa0234a53e81,tmp/gear-images/processed/catalog-remaining-existing-visible/b27ed510-2b70-4e1a-9d36-fa0234a53e81.png,tmp/gear-images/processed/catalog-remaining-existing-visible/by-brand/patagonia/フーディニ ジャケット - Houdini Jacket - b27ed510.png,https://edge.dis.commercecloud.salesforce.com/dw/image/v2/BDJB_PRD/on/demandware.static/-/Sites-patagonia-master/default/dwecba354c/images/hi-res/24142_BLSG.jpg?sw=768&sh=768&sfrm=png&q=95&bgcolor=f3f4ef
Petzl,TIKKA,TIKKA,28a64247-d87f-4252-9c50-311b17399e97,tmp/gear-images/processed/catalog-remaining-existing-visible/28a64247-d87f-4252-9c50-311b17399e97.png,tmp/gear-images/processed/catalog-remaining-existing-visible/by-brand/Petzl/TIKKA - 28a64247.png,https://www.petzl.com/sfc/servlet.shepherd/version/download/068Tx00000BWDtTIAX
Petzl,TIKKA CORE,TIKKA CORE,8ca84e74-20c5-41e9-8949-ec5a8cf4a449,tmp/gear-images/processed/catalog-remaining-existing-visible/8ca84e74-20c5-41e9-8949-ec5a8cf4a449.png,tmp/gear-images/processed/catalog-remaining-existing-visible/by-brand/Petzl/TIKKA CORE - 8ca84e74.png,https://www.petzl.com/sfc/servlet.shepherd/version/download/068Tx000006L5ZAIA0
SOTO,CB TOUGH 125,ST-711,dee97fc3-0e88-4d2f-9c91-41eb53fd0846,tmp/gear-images/processed/catalog-remaining-existing-visible/dee97fc3-0e88-4d2f-9c91-41eb53fd0846.png,tmp/gear-images/processed/catalog-remaining-existing-visible/by-brand/SOTO/CB TOUGH 125 - ST-711 - dee97fc3.png,https://soto.shinfuji.co.jp/wp-content/uploads/products/ST-711_0111.jpg
SOTO,CB TOUGH 220,ST-712,260e1757-dfca-4df2-901c-60fc7290680b,tmp/gear-images/processed/catalog-remaining-existing-visible/260e1757-dfca-4df2-901c-60fc7290680b.png,tmp/gear-images/processed/catalog-remaining-existing-visible/by-brand/SOTO/CB TOUGH 220 - ST-712 - 260e1757.png,https://soto.shinfuji.co.jp/wp-content/uploads/products/ST-712_011.jpg
SOTO,G-ストーブ ST-320,ST-320,5cd7e352-0dd0-4790-9736-c04d0f3abf35,tmp/gear-images/processed/catalog-remaining-existing-visible/5cd7e352-0dd0-4790-9736-c04d0f3abf35.png,tmp/gear-images/processed/catalog-remaining-existing-visible/by-brand/SOTO/G-ストーブ ST-320 - ST-320 - 5cd7e352.png,https://soto.shinfuji.co.jp/wp-content/uploads/products/ST-320_01-1-550x361.jpg
SOTO,GORA パンチングザル,ST-950P,66d18a5e-8e82-44dd-8ca0-cbf695986ddc,tmp/gear-images/processed/catalog-remaining-existing-visible/66d18a5e-8e82-44dd-8ca0-cbf695986ddc.png,tmp/gear-images/processed/catalog-remaining-existing-visible/by-brand/SOTO/GORA パンチングザル - ST-950P - 66d18a5e.png,https://soto.shinfuji.co.jp/wp-content/uploads/products/ST-950P_01-1.jpg
SOTO,GORA フライパン16cm,ST-950FP16,df6833ab-71a2-4399-83dd-d3112ec51176,tmp/gear-images/processed/catalog-remaining-existing-visible/df6833ab-71a2-4399-83dd-d3112ec51176.png,tmp/gear-images/processed/catalog-remaining-existing-visible/by-brand/SOTO/GORA フライパン16cm - ST-950FP16 - df6833ab.png,https://soto.shinfuji.co.jp/wp-content/uploads/products/ST-950FP16_01-1.jpg
SOTO,GORA フライパン22cm,ST-950FP22,77113dbd-4ae0-4202-95e4-20e0d0350a2c,tmp/gear-images/processed/catalog-remaining-existing-visible/77113dbd-4ae0-4202-95e4-20e0d0350a2c.png,tmp/gear-images/processed/catalog-remaining-existing-visible/by-brand/SOTO/GORA フライパン22cm - ST-950FP22 - 77113dbd.png,https://soto.shinfuji.co.jp/wp-content/uploads/products/ST-950FP22_01-1.jpg
SOTO,GRID テーブル,ST-526T,a747dbe4-5002-4f65-ab29-013813573296,tmp/gear-images/processed/catalog-remaining-existing-visible/a747dbe4-5002-4f65-ab29-013813573296.png,tmp/gear-images/processed/catalog-remaining-existing-visible/by-brand/SOTO/GRID テーブル - ST-526T - a747dbe4.png,https://soto.shinfuji.co.jp/wp-content/uploads/products/ST-526T_01-1.jpg
SOTO,TrekMaster（トレックマスター）,ST-331,84bdcb2c-1083-409b-9ebd-ee3b6e63f2f2,tmp/gear-images/processed/catalog-remaining-existing-visible/84bdcb2c-1083-409b-9ebd-ee3b6e63f2f2.png,tmp/gear-images/processed/catalog-remaining-existing-visible/by-brand/SOTO/TrekMaster(トレックマスター) - ST-331 - 84bdcb2c.png,https://soto.shinfuji.co.jp/wp-content/uploads/products/ST-331_01.webp
SOTO,ガス抜きツール ルミナス,ST-770LU,a0fdac12-a5be-4730-8bad-7e114b505ddc,tmp/gear-images/processed/catalog-remaining-existing-visible/a0fdac12-a5be-4730-8bad-7e114b505ddc.png,tmp/gear-images/processed/catalog-remaining-existing-visible/by-brand/SOTO/ガス抜きツール ルミナス - ST-770LU - a0fdac12.png,https://soto.shinfuji.co.jp/wp-content/uploads/products/ST-770LU_kikaku_01-2.jpg
SOTO,ガス抜きツール ルミナスブルー,ST-770LUBL,3b2a5022-ca26-4223-8c4c-20c849350f86,tmp/gear-images/processed/catalog-remaining-existing-visible/3b2a5022-ca26-4223-8c4c-20c849350f86.png,tmp/gear-images/processed/catalog-remaining-existing-visible/by-brand/SOTO/ガス抜きツール ルミナスブルー - ST-770LUBL - 3b2a5022.png,https://soto.shinfuji.co.jp/wp-content/uploads/products/ST-770LUBL_kikaku_01.jpg
SOTO,ステンレスヘビーポット GORA(ゴーラ),ST-950,d2603e55-b675-45f4-80e7-2d5cf0059a4d,tmp/gear-images/processed/catalog-remaining-existing-visible/d2603e55-b675-45f4-80e7-2d5cf0059a4d.png,tmp/gear-images/processed/catalog-remaining-existing-visible/by-brand/SOTO/ステンレスヘビーポット GORA(ゴーラ) - ST-950 - d2603e55.png,https://soto.shinfuji.co.jp/wp-content/uploads/products/ST-950_01-1.jpg
SOTO,パワーガス500トリプルミックス,SOD-750T,c8f8398a-3b0e-4a34-8e9a-84969d5f3faa,tmp/gear-images/processed/catalog-remaining-existing-visible/c8f8398a-3b0e-4a34-8e9a-84969d5f3faa.png,tmp/gear-images/processed/catalog-remaining-existing-visible/by-brand/SOTO/パワーガス500トリプルミックス - SOD-750T - c8f8398a.png,https://soto.shinfuji.co.jp/wp-content/uploads/products/SOD-750T_01-1.jpg
SOTO,マイクロトーチ用ホルスター（カーキ）,ST-4891KK,585b6aa0-4a54-4ee9-81fb-56bea6bb1c11,tmp/gear-images/processed/catalog-remaining-existing-visible/585b6aa0-4a54-4ee9-81fb-56bea6bb1c11.png,tmp/gear-images/processed/catalog-remaining-existing-visible/by-brand/SOTO/マイクロトーチ用ホルスター(カーキ) - ST-4891KK - 585b6aa0.png,https://soto.shinfuji.co.jp/wp-content/uploads/products/ST-4891KK_01.jpg
SOTO,ミニマルクッカー角,ST-3108,de05011e-8ba5-4b5e-9cde-250dcd2c1a7a,tmp/gear-images/processed/catalog-remaining-existing-visible/de05011e-8ba5-4b5e-9cde-250dcd2c1a7a.png,tmp/gear-images/processed/catalog-remaining-existing-visible/by-brand/SOTO/ミニマルクッカー角 - ST-3108 - de05011e.png,https://soto.shinfuji.co.jp/wp-content/uploads/products/ST-3108_01-1.jpg
SOTO,レギュレーターストーブ FUSION ST-330,ST-330,189ef945-c105-41e7-a04e-ce9796c0f2ac,tmp/gear-images/processed/catalog-remaining-existing-visible/189ef945-c105-41e7-a04e-ce9796c0f2ac.png,tmp/gear-images/processed/catalog-remaining-existing-visible/by-brand/SOTO/レギュレーターストーブ FUSION ST-330 - ST-330 - 189ef945.png,https://soto.shinfuji.co.jp/wp-content/uploads/products/ST-330_01-2-550x333.jpg
SOTO,レギュレーターストーブ Range ST-340,ST-340,c098eaa3-3137-4f83-9c29-9b675650ad8d,tmp/gear-images/processed/catalog-remaining-existing-visible/c098eaa3-3137-4f83-9c29-9b675650ad8d.png,tmp/gear-images/processed/catalog-remaining-existing-visible/by-brand/SOTO/レギュレーターストーブ Range ST-340 - ST-340 - c098eaa3.png,https://soto.shinfuji.co.jp/wp-content/uploads/products/ST-340_01-2-550x413.jpg
SOTO,レギュレーターストーブ ST-310,ST-310,6d2697c0-e63e-4585-9077-a7dce1c30bff,tmp/gear-images/processed/catalog-remaining-existing-visible/6d2697c0-e63e-4585-9077-a7dce1c30bff.png,tmp/gear-images/processed/catalog-remaining-existing-visible/by-brand/SOTO/レギュレーターストーブ ST-310 - ST-310 - 6d2697c0.png,https://soto.shinfuji.co.jp/wp-content/uploads/products/ST-310_01-1-550x412.jpg
SOTO,レギュレーターストーブ TriTrail ST-350,ST-350,e6a9b1a3-0adf-4c08-8d39-7d87f2d79344,tmp/gear-images/processed/catalog-remaining-existing-visible/e6a9b1a3-0adf-4c08-8d39-7d87f2d79344.png,tmp/gear-images/processed/catalog-remaining-existing-visible/by-brand/SOTO/レギュレーターストーブ TriTrail ST-350 - ST-350 - e6a9b1a3.png,https://soto.shinfuji.co.jp/wp-content/uploads/products/ST-350_01-550x508.jpg
SOTO,レギュレーターストーブ専用アシストグリップ ルミナス,ST-3105LU,9b0414c4-42d6-4665-862b-2a64a3426f96,tmp/gear-images/processed/catalog-remaining-existing-visible/9b0414c4-42d6-4665-862b-2a64a3426f96.png,tmp/gear-images/processed/catalog-remaining-existing-visible/by-brand/SOTO/レギュレーターストーブ専用アシストグリップ ルミナス - ST-3105LU - 9b0414c4.png,https://soto.shinfuji.co.jp/wp-content/uploads/products/ST-3105LU_kikaku_01.jpg
SOTO,レギュレーターストーブ専用アシストグリップ ルミナスブルー,ST-3105LUBL,275b5e3d-c86a-4f43-a287-cefac0e40800,tmp/gear-images/processed/catalog-remaining-existing-visible/275b5e3d-c86a-4f43-a287-cefac0e40800.png,tmp/gear-images/processed/catalog-remaining-existing-visible/by-brand/SOTO/レギュレーターストーブ専用アシストグリップ ルミナスブルー - ST-3105LUBL - 275b5e3d.png,https://soto.shinfuji.co.jp/wp-content/uploads/products/ST-3105LUBL_kikaku_01.jpg
Therm-a-Rest,Z Lite SOL レギュラー,Z Lite SOL Regular,72cf086e-c764-461d-b4b3-41d03315c1b8,tmp/gear-images/processed/catalog-remaining-existing-visible/72cf086e-c764-461d-b4b3-41d03315c1b8.png,tmp/gear-images/processed/catalog-remaining-existing-visible/by-brand/Therm-a-Rest/Z Lite SOL レギュラー - Z Lite SOL Regular - 72cf086e.png,https://cdn.shopify.com/s/files/1/0574/0642/3174/files/06670_tr_zlite_sol_limonsilver_regular_silver_angle_fold.jpg?v=1728427656
山と道,Light Alpha Vest/Jacket,Light Alpha Vest/Jacket,15e437f6-5b4b-417b-957d-310b015613a8,tmp/gear-images/processed/catalog-remaining-existing-visible/15e437f6-5b4b-417b-957d-310b015613a8.png,tmp/gear-images/processed/catalog-remaining-existing-visible/by-brand/山と道/Light Alpha Vest Jacket - 15e437f6.png,https://cdns3.yamatomichi.com/wp-content/uploads/2017/07/cf3d760ccfe8e0a6970b292836f91d71.jpg
山と道,UL All-weather Hoody,UL All-weather Hoody,82be8638-5e21-42ab-8a48-6d7356147245,tmp/gear-images/processed/catalog-remaining-existing-visible/82be8638-5e21-42ab-8a48-6d7356147245.png,tmp/gear-images/processed/catalog-remaining-existing-visible/by-brand/山と道/UL All-weather Hoody - 82be8638.png,https://cdns3.yamatomichi.com/wp-content/uploads/2018/09/a1a2556eefaac3e9d8801f485e28af16-1.jpg
山と道,UL All-weather Jacket,UL All-weather Jacket,0e99825e-2817-4445-95cd-d321a1cb4ec9,tmp/gear-images/processed/catalog-remaining-existing-visible/0e99825e-2817-4445-95cd-d321a1cb4ec9.png,tmp/gear-images/processed/catalog-remaining-existing-visible/by-brand/山と道/UL All-weather Jacket - 0e99825e.png,https://cdns3.yamatomichi.com/wp-content/uploads/2024/08/UL-All-weather-Jacket_Cinnamon-x-Blue-Gray_eyecatch.jpg
山と道,UL Shirt,UL Shirt,4f1183d2-7603-4a89-9b19-1554f4bec2fb,tmp/gear-images/processed/catalog-remaining-existing-visible/4f1183d2-7603-4a89-9b19-1554f4bec2fb.png,tmp/gear-images/processed/catalog-remaining-existing-visible/by-brand/山と道/UL Shirt - 4f1183d2.png,https://cdns3.yamatomichi.com/wp-content/uploads/2019/07/2026_UL-Shirt_Seagrass.jpg
